,dists,v_dists,h_dists,type,delay,times,bins
0,9.417927224846155,7.725441719954523,5.386548379443416,invalid,100,0.7330439506189199,9
1,19.388892926680384,16.175660599707715,10.690050190964497,invalid,100,0.771909801783103,19
2,16.072110731982864,11.415056750510725,11.314116084066765,invalid,100,0.7980108206082968,16
3,20.063501172102043,14.620841977095887,13.739543630111259,invalid,300,0.6519891904538122,20
4,5.144423153673866,3.754355519806682,3.5170874619424617,invalid,100,0.561206067972101,5
5,12.811043569581168,11.314881773445396,6.008018624693183,invalid,100,0.765522395956744,13
6,5.107063459546541,5.034901784351871,0.8554888671197464,invalid,100,0.6429212851114756,5
7,9.435725201951223,5.306877226054091,7.801920545245631,invalid,300,0.515303882246519,9
8,2.341973214484249,2.2964816095596676,0.4593590690472142,invalid,300,0.5788591675959012,2
9,18.514037516658465,9.077370726083041,16.136013320194298,invalid,300,0.694620208182322,18
10,20.128557159675655,5.043712023862852,19.486399933047444,invalid,100,0.742876203060715,20
11,21.871095589013198,4.665101531458856,21.3677712914785,invalid,100,0.746203915886743,22
12,2.9761510742998873,2.689699854964388,1.273966211192795,invalid,300,0.5451288770733853,3
13,18.489332319548133,10.411511001171915,15.27926203372281,invalid,100,0.8003488495322477,18
14,7.4982713434212585,4.626169786105784,5.901069924148874,invalid,100,0.6644557687757011,7
15,9.923230481376699,8.291044902352725,5.452437767979981,invalid,300,0.6413187378478618,10
16,7.347821370993407,1.9908221550231244,7.0729842391381395,invalid,300,0.553801557943473,7
17,20.192319137323,18.333906485064396,8.46153798906643,invalid,300,0.6177951518185647,20
18,20.229667037727474,10.069885769950355,17.545279394682456,invalid,100,0.7481006385324978,20
19,15.554005420820177,7.231021967838846,13.770962418492598,invalid,100,0.7550553086870353,15
20,19.38268004824413,17.632763112552656,8.048226566716638,invalid,100,0.6989859327338052,19
21,14.574574686423981,3.6450869416749256,14.11139853018763,invalid,100,0.7149276724213169,14
22,4.459288220672105,4.430109023916275,0.5092989998425106,invalid,300,0.5495956519835127,4
23,15.944750470893561,2.524318435645448,15.743661709225112,invalid,100,0.7744081022992584,16
24,16.894846679320334,0.422861948222165,16.889553934029376,invalid,100,0.7536965393731239,17
25,0.17947960922924433,0.047542732634324715,0.1730682486845677,invalid,100,0.548785117577838,0
26,13.203229704535227,11.558593739835194,6.381550390631108,invalid,300,0.5634782650826754,13
27,5.397621033542626,0.3245867840017236,5.387852655872577,invalid,100,0.5836029780565903,5
28,16.30560605199897,15.06701392286597,6.2336089202923635,invalid,300,0.6327608100500264,16
29,0.55422487618375,0.5484129065624579,0.08005309048756296,invalid,100,0.5982179252459905,0
30,21.648520739497847,11.532150936914405,18.32124299758869,invalid,100,0.7825899192577147,22
31,11.547338442283287,9.979308398809273,5.809856192892222,invalid,300,0.5638041627229391,11
32,9.76849201981676,7.346313067087215,6.438565108901777,invalid,300,0.5450677601993666,9
33,0.7156486336437214,0.6694689822278793,0.25291154317447195,invalid,300,0.5429275402013175,0
34,17.959807896634157,5.038948264831307,17.23843670604606,invalid,100,0.874955277604577,18
35,19.127732641500828,18.017707712599037,6.421243243180049,invalid,300,0.702723469579053,19
36,10.347543916250125,0.8590818658552906,10.311820568962764,invalid,300,0.6476796072579234,10
37,2.4144091660349543,2.0419300259547506,1.2883684993580193,invalid,100,0.5759019806780599,2
38,19.555667643685585,16.326679852741126,10.763998419564558,invalid,100,0.7641126826732436,19
39,1.8855013686898385,1.8744112262773487,0.2042007985701829,invalid,300,0.43438825598572217,1
40,13.120648114294825,9.544991817582012,9.002474001153281,invalid,100,0.8108909212310631,13
41,1.5869693535642926,0.8511110726906733,1.3394333395490796,invalid,100,0.61162560060632,1
42,0.3769588476129815,0.278946635400269,0.25354831372457676,invalid,300,0.4578387343541085,0
43,16.36490286172748,14.436173208425897,7.707590334864885,invalid,300,0.6383197906961535,16
44,7.086890355146684,0.7750415593558445,7.044382548324754,invalid,300,0.4954659036566039,7
45,3.2126273931889138,2.229452540014023,2.3131182717908776,invalid,300,0.49593497509648665,3
46,17.045429891736795,8.090580653404935,15.00297253496333,invalid,300,0.7122710857653896,17
47,15.93050382188503,13.736434973406514,8.067918333775319,invalid,300,0.6180071470190184,16
48,7.8948106376510445,3.464280515813601,7.094138109180166,invalid,300,0.5261475641190748,8
49,12.153383757399672,12.03435933765224,1.6967416087573484,invalid,300,0.5802296916857526,12
50,19.105129684674182,18.019109413596574,6.349620162580904,invalid,300,0.6624830963593293,19
51,16.80567822555085,10.085452653068302,13.443008048925341,invalid,100,0.7409520615658698,17
52,5.488118386474297,1.2624067652567437,5.34095240411214,invalid,100,0.600623430214762,5
53,5.137850834428028,3.5829999748474832,3.6823392533925663,invalid,100,0.6460084605610392,5
54,16.949807622551752,16.049711509812667,5.450021916772472,invalid,300,0.6525195127238385,17
55,9.321699943061464,7.6797537978305,5.283509386116401,invalid,300,0.5507381582209243,9
56,4.9225310169303285,1.9658038244386975,4.512973181447384,invalid,300,0.5492062476435856,5
57,1.2074403724702096,0.7970304239148915,0.9070031733268892,invalid,300,0.48070483108941453,1
58,0.9999782714991566,0.9080206251136154,0.41887359410533404,invalid,100,0.628612414834071,1
59,19.98661858131398,19.326114140839067,5.0957074612055155,invalid,300,0.6723037098568372,20
60,22.53073343629467,2.461442519893869,22.39587573413072,invalid,100,0.8694818051772942,22
61,12.192319464964706,4.4209584684736685,11.36256045773963,invalid,300,0.6139194744340662,12
62,4.50709630132085,2.528107121463714,3.7312988960661597,invalid,300,0.5365224596686053,4
63,18.31024864547526,10.34612989753786,15.107044767339568,invalid,100,0.8093375009756252,18
64,10.7372080187275,7.650455692355517,7.53380141341217,invalid,300,0.517346597720437,10
65,21.907091903598758,9.309243394216537,19.83075044217838,invalid,100,0.801369285805433,22
66,13.832762497926828,4.708409013235816,13.006775268610223,invalid,300,0.5560739980591225,14
67,16.39173891100713,14.05414844123989,8.436232341408077,invalid,100,0.7045315323383464,16
68,19.518776437021394,19.51785145013517,0.19002202208714364,invalid,300,0.6276227280102482,19
69,6.684311395640034,3.1272489726632515,5.907650353301205,invalid,100,0.6192446744683369,6
70,1.6837001955138655,1.5688446013904302,0.6112061559421101,invalid,300,0.46623047410361296,1
71,15.461636327238159,0.30934147449597754,15.458541514901313,invalid,300,0.6866015054404719,15
72,21.96558618413451,6.295536459983474,21.044077482599697,invalid,300,0.7971484922129127,22
73,21.332503331670654,14.617942918071597,15.536777118815216,invalid,300,0.6964898865706536,21
74,17.452716311948368,17.353710418668246,1.8563516289630624,invalid,300,0.5840357079569327,17
75,8.089038606663006,7.897688321590508,1.7490182260621219,invalid,100,0.6314467089128728,8
76,17.987826252307507,17.025853802370722,5.803636410346672,invalid,300,0.6039704664382989,18
77,10.477020712315108,9.740992931559393,3.8575924763496867,invalid,300,0.548565972624853,10
78,10.84305006263134,10.649795290550907,2.0380370286354563,invalid,300,0.5514043875164423,11
79,12.441046641550743,12.4102467593004,0.8748810836422144,invalid,300,0.6259152635361906,12
80,7.431443642897535,4.463694228768285,5.941530817022066,invalid,300,0.5933639462472257,7
81,18.81215530524963,12.849252313234935,13.74022933650157,invalid,100,0.7021512284805553,19
82,4.120256637267114,3.1896949227866096,2.6081336347075914,invalid,300,0.47439527124460745,4
83,21.23904507483983,19.612386160269327,8.151769427035713,invalid,300,0.737118919381688,21
84,14.151598962510864,10.178082451149626,9.832313604301815,invalid,100,0.7407613686455109,14
85,9.693752667315673,6.681959460346614,7.022838353926005,invalid,100,0.6706964166685037,9
86,13.373301366087993,7.014842163587857,11.385832373970777,invalid,100,0.6721281517902303,13
87,6.114846099793226,3.4250397026038826,5.065614065416308,invalid,300,0.5519203969215127,6
88,1.623156180272475,1.6186834527382405,0.12041538684129857,invalid,300,0.44143995288061755,1
89,11.450108541248362,0.5951299920073951,11.434631865476998,invalid,300,0.5554379499675615,11
90,11.674051891385616,6.9491083975195265,9.380478668079133,invalid,300,0.588899184713871,11
91,17.672212235920956,5.388420058965362,16.830686693643077,invalid,300,0.6481061632101892,17
92,21.098356931246304,20.678050584748064,4.1903328284122185,invalid,300,0.7546622924946101,21
93,19.818792463069318,19.795341990329515,0.9638309914659703,invalid,100,0.8176892017700282,20
94,7.876412158721539,2.734509264035155,7.386496299258696,invalid,300,0.552363061511391,8
95,2.3431132273965263,1.097434234210272,2.070221654312378,invalid,300,0.5024254486947024,2
96,2.9642009033727663,2.9030678235415253,0.5989025024774864,invalid,300,0.40848589575123617,3
97,0.9990023529560674,0.8964403023957608,0.44090870421477985,invalid,100,0.6408642893605758,1
98,0.5166843420568147,0.2994003829488207,0.42109633104170235,invalid,300,0.4683417015243396,0
99,18.95250291048134,1.5507012264826106,18.8889568869747,invalid,100,0.7940473694921778,19
100,9.518856367992365,5.83021340255087,7.524442719244065,invalid,100,0.5990863564771707,9
101,17.625657508876262,13.336988014401781,11.523391572098442,invalid,300,0.6901492930156614,17
102,6.629818134479829,3.8484356905030883,5.398521207917926,invalid,100,0.6595582169898673,6
103,7.44328921915087,7.327060633311429,1.3102430597814605,invalid,300,0.588615445842914,7
104,2.60885814373794,0.2269996365040502,2.598963635600698,invalid,100,0.6072524126299073,2
105,21.025969600666297,19.603890820018268,7.601240843766669,invalid,100,0.8063201487512106,21
106,19.228589992117655,4.7136543485058295,18.64189195783999,invalid,100,0.8067532171370557,19
107,1.0452486959881357,0.5784091506711636,0.870624885289159,invalid,100,0.5753804616689105,1
108,11.574264208000727,9.012433936827962,7.26220534623735,invalid,300,0.6414079384981741,11
109,10.801120011924862,5.297662542339953,9.41270232714771,invalid,300,0.6066664855109286,10
110,4.258911922751313,3.1137533605401893,2.905661848095536,invalid,100,0.60940737343419,4
111,10.037136117241248,1.9202322565003684,9.851741445913216,invalid,300,0.6869894018252259,10
112,3.4291010340425996,1.8809095862232845,2.8672134608580118,invalid,300,0.5914050712487547,3
113,3.299567685638865,0.5434268195588821,3.254509825441665,invalid,100,0.6706476949051327,3
114,2.3829436682289726,1.4464599013975803,1.893719694041717,invalid,100,0.5661009247403298,2
115,17.87314849130692,17.81176792170534,1.4799866538639979,invalid,300,0.5593758483815815,18
116,18.510534761220963,9.787964015051589,15.711004346839983,invalid,100,0.7911357222988732,18
117,17.734984448423525,5.785407038867646,16.76480655362432,invalid,100,0.7044869751716087,18
118,17.60091981446559,14.374286360056583,10.157375150812276,invalid,100,0.7345166549595998,17
119,12.13322075007926,7.484075743750175,9.550060525041934,invalid,300,0.6178663041992833,12
120,3.47880959983015,2.973359194212699,1.805893500199061,invalid,100,0.6052038030821509,3
121,8.106652771676456,2.9478033279972324,7.551706740861831,invalid,100,0.6354760983537456,8
122,18.431803598811086,13.139160443421195,12.926478513005044,invalid,300,0.562386206628662,18
123,12.295452440948957,4.426097888437512,11.471172922138635,invalid,100,0.6953200939867032,12
124,20.544627777444404,4.243997062813731,20.101497940317,invalid,300,0.7337945049540673,20
125,9.711781989702455,8.225408791649885,5.163463917348292,invalid,100,0.6571247011377721,9
126,10.264212621382509,9.364689218982514,4.201982456986302,invalid,300,0.6157657679096843,10
127,18.684098187849358,0.6336396522427669,18.67335068712365,invalid,300,0.6428928691497355,19
128,21.590823305666653,18.626000426524385,10.919512769699558,invalid,300,0.6797051844505904,21
129,14.482238683951216,0.08504366187370661,14.481988981990982,invalid,300,0.5867467943868019,14
130,0.3747631887563921,0.2787583125701871,0.2504820369205765,invalid,300,0.4819001717009016,0
131,3.185333463944634,3.172589957499357,0.2846440550929287,invalid,100,0.5600909800739095,3
132,18.573384477345726,1.485988186426198,18.51384482092007,invalid,300,0.6371521752526549,18
133,19.64255566491981,18.704159532035387,5.99870063010675,invalid,300,0.7329796901103995,19
134,17.078638644900145,13.509781763293658,10.448238831078413,invalid,300,0.6408039068289548,17
135,12.53322147006225,12.234610814875397,2.719547503935773,invalid,300,0.564388958630083,12
136,7.103685168624985,5.671500848348726,4.277431601103897,invalid,100,0.6756021614529945,7
137,4.9033187055076475,2.447732549288788,4.248663283308457,invalid,300,0.5453727770685035,4
138,1.3851071719567674,1.3355982389276162,0.36701392613840117,invalid,300,0.6035581427119872,1
139,13.138508230716722,8.812975484390375,9.744324586144762,invalid,300,0.6615528801033634,13
140,1.997653477896092,1.5389099957621828,1.2737250263277355,invalid,100,0.5587519911018126,2
141,13.145529182606515,13.036954488010249,1.6860472022778468,invalid,300,0.5786382426086207,13
142,22.43048532058531,15.448579648290892,16.26247393748582,invalid,100,0.8278194163360246,22
143,3.6265732805535267,1.7175911389919516,3.194043587442272,invalid,100,0.6800054478360169,3
144,2.1474415199590164,0.3545251929599953,2.117974732899467,invalid,300,0.4569681499204787,2
145,9.795681312605367,9.791388323738474,0.28997770928794636,invalid,300,0.6764835640821986,9
146,15.032638984451403,3.402844887703704,14.642434275320374,invalid,100,0.7187741773394949,15
147,2.814786347947611,1.9712675415083538,2.009260178371099,invalid,100,0.5957611869791322,2
148,22.288203189335466,13.586211658658591,17.668583819175577,invalid,300,0.7042210211171918,22
149,21.42842936797086,16.435426690278245,13.749703076306975,invalid,300,0.7109977459263609,21
150,0.1416174743392499,0.14065419296579854,0.016489603978507596,invalid,100,0.5872457551451967,0
151,5.088067923258938,3.9502851511866326,3.2068181139582785,invalid,300,0.5630618788323866,5
152,7.423237122200036,3.3315356312538134,6.633650556827284,invalid,100,0.7768786830173193,7
153,13.239195204300982,5.14566703299385,12.198294980985924,invalid,300,0.6409454405346358,13
154,2.8397270585526204,2.821005309974398,0.325543865204319,invalid,300,0.5731327375382045,2
155,0.4981693208124367,0.06493031219047737,0.4939197574075891,invalid,300,0.4802769559182516,0
156,7.158361906493727,1.6470434360311332,6.966304120849683,invalid,300,0.6206390254306852,7
157,15.750735673780179,2.5190050248625995,15.54799948385671,invalid,300,0.6636083311243619,16
158,16.87521362929039,15.79861213758883,5.930993977422251,invalid,100,0.7821565484279124,17
159,11.444243329805616,8.598985236201417,7.551699033951922,invalid,100,0.7818642842445493,11
160,13.608112188269537,13.605294446157485,0.27691219165326864,invalid,100,0.6935754126339053,13
161,3.1071414935112704,0.47596314812831425,3.0704702151825596,invalid,100,0.5862079675356948,3
162,15.947523255680885,10.567853349086738,11.94336525367448,invalid,100,0.7117160191590939,16
163,18.195083511766043,0.34597204344025323,18.191793956212738,invalid,300,0.6412657967908153,18
164,20.54945627772763,20.542977213921223,0.5159849789993755,invalid,300,0.63158545285314,20
165,12.163619104012326,9.139232845324512,8.02670870945466,invalid,300,0.6508157878999719,12
166,5.002862714952562,2.9544592933882314,4.037301775737657,invalid,100,0.6726205911415533,5
167,4.07762914869478,2.134874626095164,3.474099855378419,invalid,300,0.5521124165850186,4
168,5.447494297294006,1.270283232944462,5.297317682294586,invalid,300,0.5359951569026249,5
169,5.165520852746869,0.7805788208512373,5.106202344659016,invalid,100,0.5987252922639645,5
170,21.074033990480213,21.07259542130371,0.24623330799316223,invalid,300,0.7280791620653557,21
171,5.912280462817016,5.121417580842553,2.9540044403562766,invalid,100,0.6376193041081587,6
172,12.577187703708116,10.73278884799014,6.556896680501007,invalid,300,0.6144422656613888,12
173,21.698218335663032,17.326355029560947,13.061780136402218,invalid,100,0.796844426132781,22
174,21.183664792381922,3.6117247278903672,20.873502306176285,invalid,300,0.7012416144804053,21
175,5.420991732598748,2.043455562849347,5.021099553640022,invalid,300,0.5924419971310613,5
176,19.084127389401484,9.14051382881216,16.752758732823605,invalid,300,0.6263702073529052,19
177,22.379316726535258,17.451540680448428,14.009908815735892,invalid,300,0.7316569901660168,22
178,15.98342936097618,15.104851838094602,5.226228571974775,invalid,300,0.5855294769621728,16
179,16.10675309921428,0.7629949134642345,16.08867098802995,invalid,300,0.6765641511477913,16
180,3.8261654602907895,0.7311428290197974,3.7556587029568003,invalid,300,0.5655184831801674,3
181,1.2522277661815508,1.0689432090207918,0.6522536272680809,invalid,100,0.6295113751774404,1
182,8.128229512792313,4.039240268261166,7.053556058321606,invalid,300,0.5562737633117532,8
183,16.862516230167298,13.577807123380747,9.999380347447863,invalid,300,0.695474347598126,17
184,22.569024690445303,21.304898091817694,7.44729432580669,invalid,300,0.6496511267222451,22
185,1.2359622568911732,0.7186138035017561,1.0055828667376259,invalid,300,0.5465793060103998,1
186,8.733344888317108,8.732252230350356,0.13814457584638148,invalid,100,0.6028442204014305,8
187,12.967282455060774,8.090535910278087,10.133787196987496,invalid,100,0.7460624990400482,13
188,11.465902343512626,1.6335123695386076,11.348945056239048,invalid,100,0.68686069183169,11
189,13.602288410654614,13.272775520318431,2.975849457527145,invalid,300,0.6321946571541034,13
190,17.544736359559604,2.8637330954895632,17.309442702878986,invalid,100,0.7748748726332153,17
191,10.721530680912668,5.330177730186263,9.30271065369541,invalid,100,0.6455743488142491,10
192,16.676314609467504,12.90421230518776,10.563180095813006,invalid,100,0.8078896695262892,16
193,20.089656129964744,18.126716593894297,8.661202511479981,invalid,100,0.80978792550634,20
194,21.723279290762676,21.520378614971793,2.9621221130708504,invalid,100,0.7626069422453963,22
195,17.404626092830235,5.892397271705956,16.376833143914585,invalid,100,0.8013202094915023,17
196,22.467833836773043,22.23853133486128,3.2017622312152985,invalid,100,0.7480209812692467,22
197,17.458605103838327,14.56799516349189,9.621663530193029,invalid,300,0.6303159939638584,17
198,22.02133340736798,21.485243972557925,4.829432314270935,invalid,100,0.9190963051151155,22
199,6.530076270685851,5.167079037925991,3.9928924749860526,invalid,100,0.657057092941425,6
200,19.522619567635424,15.134662518467405,12.331855709288826,invalid,100,0.804256316340747,19
201,8.317219964671843,2.7719480044220743,7.841712325858197,invalid,300,0.6139646080180116,8
202,14.933861214233769,12.842390858976598,7.621890040617878,invalid,300,0.6173929658414511,15
203,5.530608900438309,1.806793318019806,5.227153404633005,invalid,300,0.5242099320291455,5
204,18.375199720381325,18.35845705952324,0.7842315713762092,invalid,300,0.6457536843456009,18
205,14.318284314748384,4.531350626267725,13.582346160358037,invalid,100,0.7245671138519512,14
206,1.3665836355391996,0.3638349226703776,1.3172604078043855,invalid,100,0.5923254309528416,1
207,1.251692895802974,0.35806008299876524,1.1993865441827136,invalid,100,0.6607662578832291,1
208,17.00988321158464,1.5370403148310925,16.940296158637043,invalid,100,0.8260842041898053,17
209,0.7091369457526303,0.1004620547489711,0.7019847458363918,invalid,300,0.4811988888311294,0
210,3.620724555910014,3.5890231658004823,0.47807847171489964,invalid,300,0.5184640981887603,3
211,17.292905785851133,8.866546882760645,14.846849392855411,invalid,300,0.5795589034668174,17
212,20.759377737210126,19.984375283330586,5.619297871725705,invalid,300,0.6270572257695848,21
213,4.0634190573129025,3.5016978603663578,2.061428274289297,invalid,300,0.6615794171209317,4
214,0.2952131103151045,0.054271888914232756,0.2901815682906122,invalid,300,0.5516308148590685,0
215,16.818344248778114,8.966960273102394,14.22850402294673,invalid,100,0.7307566789902747,17
216,2.380984790133535,2.021754114590598,1.2576163449093767,invalid,100,0.5678841342285722,2
217,12.378170805756984,0.5083552556187619,12.36772765832832,invalid,100,0.6878878287225428,12
218,3.1454102195389986,1.3966272531527473,2.818339540391005,invalid,100,0.6124451614578618,3
219,5.082011822879921,4.808430584077984,1.6449436117979133,invalid,100,0.5909297913948163,5
220,3.885942892060862,3.8083237512170935,0.7728016344923847,invalid,100,0.5837410830256715,3
221,16.679717604838647,12.0637706518725,11.51861176688337,invalid,300,0.670649139433253,16
222,3.2975142839694516,2.0860473716381938,2.553822001679825,invalid,300,0.47133546882809985,3
223,18.064978396575377,12.048742880221901,13.459986607535578,invalid,100,0.7490517385260316,18
224,9.254495593564684,3.024687692537208,8.746253658219734,invalid,100,0.6434706034767383,9
225,16.915329560275698,16.907305676779348,0.5209499828982678,invalid,300,0.6390780383501681,17
226,13.051954880603276,8.84836065906405,9.594792329823054,invalid,300,0.6848341158299401,13
227,16.311178149900762,15.786715838315114,4.102942319615371,invalid,100,0.8447908510382101,16
228,12.78849145854858,4.836615560382245,11.838609027518322,invalid,300,0.6763029289738693,13
229,11.140022691666472,0.6616054933014726,11.120358975414293,invalid,100,0.6848125985965046,11
230,12.429129913340043,10.414141274783688,6.784462536673857,invalid,100,0.7382935778095332,12
231,9.728227337652902,2.338804001035977,9.442902253957486,invalid,100,0.6793201603877271,9
232,6.49845818552644,1.1114252639130007,6.402709791312699,invalid,300,0.5607024204613336,6
233,7.356933828412517,0.5622095129911256,7.335420630007712,invalid,300,0.5276049553177553,7
234,18.204280428076956,13.05435923104078,12.687770922073195,invalid,300,0.7133823818518127,18
235,15.330992078685961,11.299872774993142,10.361090356989484,invalid,300,0.7063189157782708,15
236,22.388083581845663,1.7243041575395759,22.321582865916994,invalid,100,0.8878479817988463,22
237,2.5638911129809414,2.0230490773073053,1.5750587512942842,invalid,100,0.6210445101474222,2
238,14.189293216605611,5.769699275550883,12.963279378942568,invalid,300,0.6222100918130662,14
239,18.74876061118421,15.606414434347137,10.39018060280445,invalid,100,0.7291630865011748,19
240,10.563869077763254,3.593869085853296,9.933752306448488,invalid,300,0.4647220477161012,10
241,14.866833785264397,14.123956534702677,4.640754098690047,invalid,100,0.7939573568130537,15
242,1.975662208740432,0.49496010230564313,1.912656702121609,invalid,100,0.5715842445216922,2
243,15.968475567491218,0.3721542153319468,15.96413834785876,invalid,300,0.6743190144205343,16
244,9.993124549636624,0.35080758854738897,9.986965119613052,invalid,300,0.5300232024698802,10
245,3.25713926811083,0.5290204470744879,3.213890722853946,invalid,300,0.5361156555536141,3
246,2.531546433367474,1.6701263063114002,1.9024735123681005,invalid,300,0.5337987121754344,2
247,12.392873851266778,7.448771362989557,9.904500364749277,invalid,300,0.5989586223625752,12
248,5.8227787567949445,1.2248961192246153,5.69248469015868,invalid,100,0.6259349897859463,5
249,17.91498725980926,17.224009074920403,4.927502400424341,invalid,100,0.7225459285202667,18
250,12.133632580208722,8.036324007628702,9.09079402670158,invalid,300,0.6499212319057114,12
251,4.952209803420746,4.121749141526401,2.7450985321884023,invalid,100,0.6021947869562914,5
252,3.0777760445131337,0.9910119825237034,2.91386352300058,invalid,300,0.496351382837971,3
253,7.8890433018576385,7.192384228927668,3.2413906463210256,invalid,100,0.6458934574910167,8
254,2.7133563244724166,2.313879997354935,1.4171315751881286,invalid,100,0.553611440514618,2
255,3.207189140968419,3.126938028901952,0.7129661628384061,invalid,300,0.5712288033731912,3
256,6.790525821678926,1.5772897097715681,6.604801140559569,invalid,100,0.6281917683787341,6
257,20.654949592488293,17.993734090491998,10.141620982313354,invalid,300,0.7075140359258483,21
258,10.117315323584071,10.008560479971708,1.4794547899741786,invalid,100,0.7427265921632051,10
259,21.845635930803947,9.656919513488845,19.59529828125183,invalid,300,0.6813900528026119,22
260,7.8484245760534685,7.6488939315615,1.7584623822310543,invalid,100,0.5805256219291163,7
261,21.381786736418,20.114515926221173,7.251693119227784,invalid,300,0.6437219233447135,21
262,3.80460907988958,2.896256750154444,2.4671333745793023,invalid,300,0.48147425058363624,3
263,15.865735510648426,11.947011587527703,10.43985045014196,invalid,300,0.6915359627530366,16
264,2.4103231578712188,1.188865168325498,2.0967253842391163,invalid,300,0.5259967284136686,2
265,18.771649790428352,13.562713310420065,12.97796761877002,invalid,300,0.6295831637299772,19
266,11.432123970876045,2.1177011936087555,11.234269007820078,invalid,300,0.5609531489890799,11
267,20.193302773986048,19.253074995369182,6.090039420608262,invalid,100,0.699295899425358,20
268,16.95642223857769,8.38517076083611,14.738017724393986,invalid,300,0.594213317734264,17
269,15.479650825942969,4.472324585689357,14.819510872270898,invalid,300,0.7133972521679532,15
270,0.4933523747498215,0.4921334394951575,0.03465895846609521,invalid,300,0.46382796247225655,0
271,8.668989297220831,8.025668259252308,3.277197648564905,invalid,100,0.6543859690031602,8
272,21.20113572304636,20.754303105106143,4.329787358336892,invalid,300,0.6807224195803404,21
273,10.784763735330209,1.0273856007463067,10.735716448112475,invalid,100,0.7401509363478125,10
274,1.6995923351396678,1.3729796862278965,1.0017688789691241,invalid,300,0.44796898795471535,1
275,19.018006987896396,14.202975889175695,12.647531999689503,invalid,100,0.6649547178976287,19
276,1.2298803026463272,1.1484420784223097,0.44009811559067874,invalid,100,0.5753886236427309,1
277,7.820385173364676,6.9418048011497815,3.601356739135391,invalid,100,0.6390901495209589,7
278,1.1144996634329605,0.9874916676790729,0.5166911128097577,invalid,300,0.5657461086275943,1
279,0.39982197068366676,0.3957673786268218,0.056796040849911016,invalid,300,0.4271590482213681,0
280,14.864454385926603,1.5710799199545746,14.781194541592644,invalid,300,0.5958548279422635,15
281,2.062512646950813,2.0239903279675433,0.3967638732620251,invalid,100,0.5813602839264642,2
282,14.488657589730582,7.350755639027812,12.4854951959367,invalid,300,0.5949965241911551,14
283,4.69801530487653,4.147514613770656,2.206687638387672,invalid,300,0.5855120004598661,4
284,4.114837253034071,0.9648888827428557,4.0001093813689925,invalid,300,0.47107077874498293,4
285,12.75744563355275,11.489693842477037,5.544308297632756,invalid,100,0.6923125906663476,12
286,9.097428342821011,4.981041712091764,7.612649073428054,invalid,100,0.6879990920360328,9
287,6.831789159568058,5.922718407533263,3.4051064279781755,invalid,300,0.5233801220291597,6
288,6.588867156573935,6.2416254017846695,2.1107540715997803,invalid,100,0.6020076687306617,6
289,3.458132151272544,0.8544359724290598,3.350912882288061,invalid,100,0.6198459215792804,3
290,17.035706284640277,5.014578569743746,16.28094869423766,invalid,300,0.6428479567989972,17
291,21.72174704154889,13.20873269583563,17.2442359966164,invalid,100,0.8501491478042024,22
292,8.88329012277295,8.502004363655523,2.5746388495744195,invalid,100,0.6771852567696588,9
293,12.739717984867838,12.59878353704586,1.8897268904863638,invalid,300,0.6297809249820505,12
294,0.6580349290629803,0.33138564907940515,0.568501116490674,invalid,100,0.5782001993168644,0
295,7.891127366083831,7.042905283905482,3.5591257732332777,invalid,300,0.553310712018,8
296,13.8193618495277,11.887891363917184,7.046474355866549,invalid,100,0.7192742832324603,14
297,9.570340633248627,9.56854210920806,0.18553096971096844,invalid,100,0.6623424536538379,9
298,12.649093696738987,9.911723795158169,7.858581472338205,invalid,300,0.6403661993353965,12
299,11.224587873522937,7.374194022824981,8.462424915127489,invalid,300,0.6379050292765067,11
300,8.792557997832555,4.021404483859117,7.8190397186896945,invalid,100,0.6556330530085269,8
301,4.3608365590727045,0.7387682249544448,4.297803741999246,invalid,300,0.5446242201407185,4
302,13.503640840759111,8.406850593409597,10.567553125312697,invalid,100,0.6717604877401868,13
303,19.080621450125918,2.5324260425914353,18.911819935210097,invalid,100,0.827911741570249,19
304,21.351788448234334,14.455155532120783,15.71455848824112,invalid,300,0.6340608468320894,21
305,16.761902774014505,0.18418174975411208,16.76089083815573,invalid,100,0.6991366929584175,17
306,18.715280131611667,11.373017117877726,14.863249713341919,invalid,100,0.8160927213510897,19
307,3.8716040127164932,2.745187724791307,2.7300662971689134,invalid,300,0.572651932433994,3
308,6.013698416519507,4.996829558639643,3.346081739401231,invalid,300,0.5443142915062016,6
309,7.264307118934602,1.3770789142415454,7.132588000309233,invalid,100,0.5968969964665676,7
310,19.72807717715601,14.780129517551451,13.066935392517564,invalid,300,0.6868945508010987,20
311,0.4198593878057376,0.3962618309158959,0.13877487844631933,invalid,300,0.4668850039976088,0
312,5.432191308239319,1.60142390907959,5.190774881724216,invalid,300,0.5034871221540088,5
313,10.092960548479244,5.774261512598425,8.27802854653709,invalid,300,0.5020641605162456,10
314,22.341984763232166,20.392378038858265,9.127716093349383,invalid,100,0.7212335851991633,22
315,22.60879791125516,20.613980726388384,9.285555535565113,invalid,300,0.7210745482208529,22
316,18.006792814550757,17.078623167920597,5.706594269292553,invalid,100,0.7545633728281892,18
317,1.4863266164022482,0.03470276603338095,1.4859214409434263,invalid,300,0.5434927646648606,1
318,3.698857094636835,1.6663070890253737,3.3022665688295114,invalid,100,0.5818806688345055,3
319,18.882468095996803,13.025047896409845,13.670981262973283,invalid,300,0.6083137465969223,19
320,19.964070361033496,12.452282425935403,15.604639302625241,invalid,300,0.7003190434622253,20
321,21.900846000161508,21.498277542007134,4.179846677764863,invalid,300,0.7285709770940181,22
322,14.113501791765117,14.109571470671979,0.33305516083155257,invalid,100,0.7161597335409845,14
323,21.463415045691935,11.832428251472242,17.907312112581174,invalid,100,0.8298988654547417,21
324,17.241055095174577,16.593629871620163,4.68032354421361,invalid,100,0.8299888975139568,17
325,12.723299877521551,12.520239003857068,2.264061628939478,invalid,300,0.6099695509115215,12
326,10.637152498519027,1.8394767614218803,10.476895461964792,invalid,100,0.6465539636998223,10
327,5.83231097222988,0.46372521600168576,5.813846420472185,invalid,300,0.5697665908854539,5
328,20.333997971775055,8.538006030420885,18.454645120962056,invalid,100,0.7994847837265611,20
329,18.295248688729377,17.796285143739244,4.243625768747732,invalid,100,0.7454507583705535,18
330,19.867512624435953,5.336000022847952,19.13753279914338,invalid,300,0.7486273007679306,20
331,7.442133948790401,7.429568380853865,0.43228623151228174,invalid,300,0.582311517888239,7
332,9.875416251805095,6.01081835932142,7.835426523020987,invalid,300,0.6174017661311457,10
333,12.901998892252331,11.955598194426464,4.8502832112266425,invalid,300,0.6575144268029806,13
334,22.61693787788296,21.893319151075648,5.675249379645035,invalid,300,0.6436207769057363,22
335,13.438070147077127,12.857048059125335,3.9087139167643055,invalid,100,0.7203458562690659,13
336,17.505179908910396,6.6727342665146505,16.183508304808367,invalid,100,0.6941633699395421,17
337,22.518800849830164,16.56874580869002,15.250346030216118,invalid,300,0.729595766949464,22
338,14.200808304129612,13.710406300049657,3.6996912814713707,invalid,300,0.6292849799882145,14
339,0.7948252836102164,0.5939722617847186,0.5281516673233236,invalid,300,0.5202548086431753,0
340,8.809516366903441,7.873018025951092,3.952615056110167,invalid,100,0.668695231002779,8
341,21.67921436927606,10.719577215292503,18.84354000697341,invalid,300,0.7261343943342358,22
342,10.391410485339295,1.826776591910728,10.229579617856565,invalid,100,0.7087688502327116,10
343,13.832114951077038,2.7027789235612176,13.56548525155522,invalid,100,0.77093286069545,14
344,4.231100174900617,0.8924791532495329,4.135902519530536,invalid,100,0.5953672757187938,4
345,20.145025883307916,18.27027873550561,8.48639987073891,invalid,100,0.8001102288296611,20
346,16.23891209289334,15.911583318659593,3.2440379550910508,invalid,300,0.743257864294735,16
347,22.185990071679043,19.591048363072186,10.411963287315594,invalid,300,0.7031599033396261,22
348,20.844508663503607,18.963112058408345,8.654127482486315,invalid,300,0.6496621485803585,21
349,10.861864628529373,4.849374810724458,9.71924210798397,invalid,300,0.5934521982708688,11
350,2.4180094555672915,2.3931565856791206,0.3457908090645032,invalid,300,0.4872663599722841,2
351,2.5188554489595734,2.434620458679144,0.6459535547810613,invalid,300,0.4876219266777426,2
352,13.8763902640148,7.7919650803980245,11.482137734111298,invalid,100,0.6745576736901341,14
353,22.259644313876574,11.82658052845698,18.857989234916325,invalid,100,0.8294992891382927,22
354,14.105586515229673,0.7966551539042439,14.083071806405979,invalid,100,0.6581156452454697,14
355,15.047340822622163,7.663736879773317,12.94950203172901,invalid,100,0.7528683319896514,15
356,11.876130600406547,11.199673685660873,3.950922344545406,invalid,100,0.6924439566654534,12
357,18.67271349591076,7.4473896564418105,17.123277040493484,invalid,300,0.6910470780585991,18
358,3.4657256248925137,2.002082291400402,2.8289433726212194,invalid,300,0.48833977887278823,3
359,16.112998460962785,14.720637508510581,6.552217238921529,invalid,300,0.6713168074716268,16
360,2.3838191483984765,2.0584560883213063,1.202228041897287,invalid,300,0.5157681865457729,2
361,16.997303599792644,12.43554864304409,11.587297338465442,invalid,300,0.6755403448649565,17
362,9.660039695560089,6.503207646708141,7.1431545708876705,invalid,100,0.6958757436362302,9
363,2.2298452952019203,2.038374385549471,0.9040132216234199,invalid,300,0.5301632088590794,2
364,15.955076220281963,12.292134352862202,10.171916743966788,invalid,300,0.6438041830074217,16
365,18.707656414429092,17.467753044589294,6.697313796857017,invalid,100,0.7239546677713998,19
366,2.7292557411120124,0.9352458368242664,2.564010944808106,invalid,300,0.4960440699028095,2
367,18.58751185050693,13.800341840779776,12.451753365303967,invalid,100,0.7040810942860584,18
368,7.872136331432126,2.3051347972500325,7.527076722550443,invalid,300,0.5974190382672792,8
369,1.3596473769053024,1.2168655284473964,0.6065305228938673,invalid,100,0.6096701837447216,1
370,9.208829172160868,8.930915660370903,2.2452795347980117,invalid,100,0.6797950294192558,9
371,0.47072803475202385,0.06556508164988917,0.46613957434415065,invalid,100,0.5862309526689623,0
372,11.104309934893823,9.726746375144046,5.356874469670149,invalid,300,0.5849377513313835,11
373,3.1209926933620924,0.5677411078427124,3.0689192603398836,invalid,100,0.605120681446309,3
374,22.308371040805262,22.215098255498535,2.0378488640683643,invalid,100,0.8167970868875776,22
375,6.713927364235995,6.3133985808919615,2.284254585423494,invalid,300,0.5446094719500849,6
376,0.5356391952124305,0.32991710807020763,0.42197636100901575,invalid,300,0.5831355439471775,0
377,9.166535158330156,1.7208867238996715,9.00355017159391,invalid,100,0.691251620782863,9
378,4.961471764995613,1.4930871411276396,4.7314789298746724,invalid,300,0.5145029403174514,5
379,3.7420711257136636,3.013650809330807,2.218333858849857,invalid,300,0.5268489529026088,3
380,12.800908320890464,9.474682864164809,8.607766171507242,invalid,300,0.5354161012875629,13
381,21.572163708089974,19.581718801010638,9.05066493948266,invalid,300,0.6400386510299392,21
382,11.785086364968645,5.712720045270603,10.307913965208156,invalid,300,0.5490478362181666,11
383,16.36767925280193,0.9157450893458325,16.342041948726656,invalid,300,0.6600386164426052,16
384,7.6603198547115605,7.139017449195307,2.7775763061656984,invalid,300,0.5788233731902406,7
385,21.369511260344648,13.997226607467107,16.147249264354954,invalid,300,0.7074598224783062,21
386,21.12552353459553,0.898982973167082,21.106387048111888,invalid,100,0.7760390618156674,21
387,8.010173386522654,3.74213922338914,7.082321068331224,invalid,100,0.6109268712268112,8
388,5.338832658271563,4.920590311144222,2.0714548372823884,invalid,100,0.6198083343979081,5
389,4.0215788136409305,3.9716407111538046,0.6317960239122244,invalid,100,0.5908530941743788,4
390,0.37687610269522503,0.2939813174007755,0.23581895980189188,invalid,300,0.5106587484927089,0
391,14.45778001575,4.395111688490827,13.773539713142421,invalid,300,0.6027886387836308,14
392,16.56790673019649,5.0974132648764625,15.76426057344751,invalid,100,0.7135902348065093,16
393,2.047437814341753,0.8590789549495537,1.858489965740821,invalid,100,0.6202550481043204,2
394,15.668367774875328,5.963272033618907,14.489207548441366,invalid,300,0.6162893323332799,15
395,9.21695666329036,2.525477917840461,8.864211832953496,invalid,100,0.6060818393176501,9
396,5.365277097415027,5.1770563647890855,1.4086467718498614,invalid,100,0.7113882753117567,5
397,10.760396042632104,5.580174511883592,9.200422566992092,invalid,300,0.5831822190482836,10
398,11.81840793071762,9.875901771542337,6.491635403786638,invalid,300,0.5913825473200531,12
399,11.331926109507643,1.1190056600843865,11.276540944990185,invalid,300,0.6469019005657334,11
400,0.23503975241219652,0.2340809925983469,0.02120787868126639,invalid,300,0.5453553631973656,0
401,18.07438369021304,17.625939054624958,4.001202097330974,invalid,100,0.7486001625808584,18
402,20.884283863390312,20.762960081501078,2.2478436646390163,invalid,100,0.8096533071576346,21
403,14.639566453151247,6.264328912197192,13.231594356540775,invalid,100,0.6722041492630533,14
404,16.541506327576947,11.317977376831884,12.063366846896011,invalid,300,0.6463463486644484,16
405,8.689605985957517,4.192773881559851,7.611169382512666,invalid,100,0.6516461414171528,8
406,3.8887604336525596,2.5726006647598814,2.9161933286424375,invalid,300,0.48632151765747333,3
407,10.117805803435575,0.3232338619749545,10.112641304155279,invalid,300,0.5472513360704506,10
408,6.859018721191961,4.575936854454163,5.109495055454105,invalid,100,0.6600954816302393,6
409,0.7896970356892113,0.71973141818003,0.32497398951437695,invalid,100,0.5739996888837792,0
410,8.45780212836609,0.6005993696817495,8.436450511899649,invalid,100,0.6197819144172311,8
411,12.300789818845189,6.177154695167665,10.637301821391247,invalid,300,0.6348143992733767,12
412,22.280490572253026,9.927133887906106,19.946735896177152,invalid,300,0.6664319586484064,22
413,13.453735984223377,13.417245715055996,0.9902168222154535,invalid,100,0.6773920700165686,13
414,19.07948591591135,11.174680548278095,15.464582033129595,invalid,300,0.7345586598837951,19
415,12.711682113087381,8.691588515939698,9.275944761250512,invalid,100,0.654375738929859,12
416,21.168318425281083,7.22020259506939,19.89890397585374,invalid,100,0.7717755156559047,21
417,13.996608552457559,13.915842283845247,1.5014607893224463,invalid,300,0.6130640164057292,14
418,21.033092275937594,20.323531237963525,5.417107042289862,invalid,300,0.676632286155632,21
419,7.315845208900103,7.303941753813669,0.4171642092556512,invalid,300,0.525415570122717,7
420,15.745550121890243,3.828487130987629,15.273016562841145,invalid,300,0.6169629793239777,16
421,8.70644686982971,7.081139898714196,5.065537960770353,invalid,300,0.5192201976011457,8
422,6.883884138210661,5.742345598574411,3.796488885120227,invalid,300,0.5502704371444691,7
423,19.62496918756726,12.140274481366458,15.419246127163504,invalid,300,0.6214796017818915,19
424,3.1713941420043708,1.4099656529730604,2.8407283681084134,invalid,300,0.5189388184143443,3
425,13.512804415141282,0.4786429695990894,13.504324643221338,invalid,300,0.6545503960509672,13
426,20.07655215692274,16.686722587927193,11.163388185636094,invalid,100,0.7629605679615434,20
427,11.43051511534186,11.362349498200784,1.2464708912746993,invalid,300,0.5570522805054063,11
428,0.367919655415984,0.34614777283365317,0.1246859743664781,invalid,100,0.5149561440609343,0
429,12.935042343354546,10.35243188064282,7.75515793398337,invalid,100,0.7316320140608137,13
430,0.3817964815294216,0.06492034538261661,0.3762364975167185,invalid,100,0.5432661022296386,0
431,8.401400346057608,4.943774310444299,6.7928361780723,invalid,100,0.6914641975197819,8
432,12.393383923010216,6.974370097691879,10.244712138637643,invalid,100,0.7354787339037974,12
433,15.252401992045847,12.445186092150452,8.817772375079157,invalid,300,0.5956502940843398,15
434,0.45161787204462533,0.12907433293007184,0.432779989057688,invalid,100,0.5845436396703135,0
435,21.37136932831718,11.798056507450115,17.819688258057443,invalid,300,0.724386891896842,21
436,5.265229351775824,1.7549132131417666,4.9641635489921265,invalid,300,0.461177069061002,5
437,20.694024284428934,13.783696058333078,15.4354256195295,invalid,100,0.7543525402775635,21
438,6.2075188195976825,0.16748665438557825,6.205258908076449,invalid,100,0.6151109635765779,6
439,18.377709620717667,15.736090253073826,9.492927601669235,invalid,300,0.6124490324475713,18
440,1.8669176545790174,1.4078023202768342,1.2261623693467276,invalid,300,0.41648714704238116,1
441,2.533786316256884,2.4313090028854294,0.7133089295241496,invalid,300,0.5093635102668954,2
442,7.570974554515657,1.1830179682296007,7.477975942189802,invalid,300,0.5291863473374292,7
443,0.3599650514015003,0.14421010135960152,0.32981553161780935,invalid,300,0.5223642323563856,0
444,15.950396639376649,9.867713159816446,12.531695413990208,invalid,300,0.6492374874329881,16
445,7.025799258670212,0.4629339146789965,7.010531179145477,invalid,100,0.6659751635332185,7
446,10.422228360415598,2.229856697108971,10.180893040741047,invalid,300,0.6317669741318233,10
447,2.324160045809815,0.8142522125041116,2.176858574407359,invalid,300,0.5218436911852107,2
448,13.377698836381294,13.375977616272635,0.214590227854944,invalid,300,0.6437860926103377,13
449,18.993645148056352,3.202630537296735,18.721690993386762,invalid,100,0.7963064705168632,19
450,19.750705964143275,19.572212380287436,2.6493185204818364,invalid,100,0.7781727342649125,20
451,10.650324932385663,4.811325387447136,9.501608768071982,invalid,300,0.5916401023388339,10
452,4.791989123985268,4.632142531054657,1.227361127129114,invalid,300,0.4947074969121032,4
453,17.445040887986586,17.045966490148704,3.7100509430803372,invalid,300,0.6611454450925112,17
454,17.058394393626173,16.813368010779488,2.880881015001124,invalid,100,0.7564540293335431,17
455,15.969029826002979,9.283319029165598,12.99345609860997,invalid,100,0.6917100975845931,16
456,12.32691490669846,10.7944826642551,5.95247638618423,invalid,100,0.7611492082150273,12
457,19.14179745571362,19.05295708524855,1.842073870191272,invalid,300,0.5727164930604943,19
458,10.59675409912563,10.195107737665236,2.8898054700505815,invalid,300,0.6172798120022223,10
459,1.8788425261015975,1.5313783011956357,1.0885447792879268,invalid,100,0.5980702395689904,1
460,12.577916333062626,4.8037664451794155,11.624448684634121,invalid,300,0.5872802672047411,12
461,9.045772095479972,8.547519258696532,2.960727499378492,invalid,100,0.6357525370387239,9
462,4.518511690266132,2.912977160447034,3.454202072517709,invalid,100,0.6368611857171556,4
463,7.940440517696463,4.753404975303615,6.360482431060911,invalid,100,0.6371886580237867,8
464,21.702302084021845,6.359090377037444,20.749744223069563,invalid,100,0.7897280757324363,22
465,3.642288643712526,3.3789333332359273,1.359807373735111,invalid,100,0.615216153743507,3
466,14.61921231656316,0.8109084478413371,14.596704979068788,invalid,100,0.773999153600005,14
467,4.516822740114047,3.4760547896730043,2.8842209979130815,invalid,300,0.5146390078237674,4
468,21.770355171330895,20.9255129932891,6.005936251208705,invalid,100,0.7963984828429078,22
469,20.115786617642158,19.830560067538265,3.3754642131517274,invalid,100,0.7846933664572776,20
470,0.367034514287214,0.04617242080273341,0.3641187199736734,invalid,300,0.47084187726948523,0
471,0.06293785128480374,0.051157912133582735,0.03666116679104336,invalid,100,0.5821197084427644,0
472,7.053175865227502,0.23006586173823554,7.049422634875168,invalid,100,0.7139329238878325,7
473,13.535677408107873,11.840694564628084,6.558392724101601,invalid,300,0.518770865993591,13
474,18.047713764809608,14.874004986277063,10.221738981440646,invalid,100,0.722367316566388,18
475,11.409950083535229,11.17992918599505,2.279505276348714,invalid,300,0.619952934686708,11
476,4.993837800059415,3.419126870972631,3.6397784841244345,invalid,100,0.6583036054255613,5
477,14.961458730611598,12.040698307695305,8.880699950502633,invalid,100,0.7213901397635563,15
478,5.271430417941742,1.8407685311715658,4.939590050383728,invalid,100,0.5418039548576692,5
479,20.025292481028384,7.460672599326612,18.583613838981616,invalid,300,0.6716768553671991,20
480,10.818299024021918,10.489112684203832,2.648416294925685,invalid,100,0.6860034085938032,11
481,17.21463775515113,15.137460660194776,8.197623911971705,invalid,100,0.7532759339457786,17
482,19.069931633387068,10.887241252262093,15.656636625313219,invalid,300,0.6726238717188014,19
483,11.576181051071243,8.96564878049677,7.322916746212379,invalid,100,0.7668001832390888,11
484,21.89538403238955,9.863664936699932,19.547786471678464,invalid,100,0.8043382783430642,22
485,12.331298406406763,10.437358574265632,6.566769858922546,invalid,300,0.6242342686696205,12
486,15.216097404815988,9.957122742603431,11.505882274800893,invalid,100,0.6663744446410602,15
487,9.869792318244029,8.612331251629895,4.82084544633697,invalid,300,0.5608420776064378,10
488,1.2370659056489923,0.7777554241410916,0.9619919724915964,invalid,100,0.6024727039397972,1
489,3.566554455743305,0.6560017830883165,3.5057056845045294,invalid,100,0.5804114318236288,3
490,15.562088011649083,13.371850324841095,7.960665937744103,invalid,300,0.5852128633045486,15
491,19.529419166560988,2.055034305152015,19.42099500509405,invalid,100,0.7944781330749946,19
492,10.310605931509352,10.230899640402656,1.2795652476074222,invalid,100,0.6695827019334067,10
493,12.567195939645341,12.432721927202474,1.833531910356936,invalid,300,0.5849873243963275,12
494,5.381911447280332,2.8943649410204,4.537358528324498,invalid,100,0.7127820177199989,5
495,11.623645929779382,10.167165408100596,5.6336393446154736,invalid,300,0.5602638077487575,11
496,9.385928628756194,6.897114322947257,6.365961847223161,invalid,300,0.5173344821245836,9
497,12.033510948919375,0.1570990142827052,12.03248543142579,invalid,100,0.6209376363608613,12
498,15.048803342557276,3.361745779515326,14.668508695735703,invalid,300,0.5742706347589521,15
499,0.19505633908614972,0.04381316654445831,0.19007204385453053,invalid,100,0.5287393943369264,0
500,12.195030115494214,8.666859850924899,8.579294833623383,invalid,100,0.7379688588164577,12
501,2.09634428095038,2.0762676241040485,0.2894340984934156,invalid,100,0.6304739352533368,2
502,22.015974613670263,16.041206992041026,15.07921803106075,invalid,300,0.7614834692479308,22
503,8.425816366864597,4.105284670829347,7.358058114718644,invalid,100,0.642622917752253,8
504,17.12073037653506,6.212248250104167,15.953914262809866,invalid,100,0.7347438961702355,17
505,0.5562685102613322,0.5557332590321471,0.024396727523796714,invalid,300,0.3714321796121146,0
506,17.448660808719477,1.7143076742299015,17.364242373792745,invalid,300,0.6294219775395435,17
507,9.307801654269536,3.356348748594018,8.681595170994445,invalid,100,0.7496624478596725,9
508,0.7016551082175042,0.40693781214684477,0.5715955807499362,invalid,300,0.4908652429252626,0
509,5.158242085096241,4.230380735521839,2.9514979656072464,invalid,300,0.5097809847984514,5
510,19.02307582969236,3.333467591059273,18.728732147200546,invalid,100,0.6584005776365383,19
511,13.690907195913717,2.346004335821135,13.488409969430439,invalid,300,0.5695689142412423,13
512,7.890356542494888,0.1744447515583648,7.888427942013898,invalid,100,0.6011508107484304,8
513,13.972815217148426,8.040187474825759,11.427814771960104,invalid,300,0.5567026639140837,14
514,14.572629011167326,5.746070333867011,13.391945042277056,invalid,100,0.7064008059548653,14
515,18.900657502801064,1.7401517164565607,18.820380603003315,invalid,300,0.6360018295036469,19
516,22.04106794112477,6.250703425952037,21.136162912555097,invalid,300,0.7025336246306113,22
517,20.475616862957665,20.36600434668502,2.1158338473148195,invalid,300,0.7110729573050418,20
518,22.315766923221688,2.9419836545132982,22.120989705438852,invalid,100,0.776640559128727,22
519,9.969590486282282,2.698412274189402,9.597463501502581,invalid,300,0.5911707580844692,10
520,7.453475144941786,5.07560595755543,5.458252092006451,invalid,100,0.6299149730745571,7
521,17.408901716246415,15.263944390419285,8.371490943202115,invalid,300,0.6189489407135123,17
522,19.651788190310167,3.367084093132547,19.36118601187923,invalid,100,0.7899667964553585,19
523,6.63769340846837,6.346132398157854,1.9456560255799793,invalid,100,0.6445097645894586,6
524,18.842781078405032,18.039151756476784,5.444208177090518,invalid,100,0.7390063547796484,19
525,1.3075120885427274,1.238374257481072,0.41954387147659333,invalid,100,0.5907342297507705,1
526,1.4659849021276492,0.9675060036803437,1.101382706468875,invalid,100,0.5569491857784598,1
527,2.084197970236679,1.777214541558627,1.088756011423704,invalid,300,0.4267945406112675,2
528,3.7766729971802135,3.592795746129136,1.1640780275508007,invalid,100,0.5961794634976292,3
529,10.171913553210981,9.17843417165886,4.384537773873338,invalid,100,0.7243730076414094,10
530,22.215168610022303,8.608361337038785,20.479497832288178,invalid,100,0.7642441765548373,22
531,17.32713034289096,13.487971010967728,10.876768082791266,invalid,100,0.6873432607714031,17
532,4.678984470560559,2.9337403574900667,3.645005238759052,invalid,300,0.4573188069980036,4
533,22.418677818376594,22.16004709256404,3.3955011381996103,invalid,300,0.6431978254470102,22
534,7.86988091033278,7.853195393399935,0.5121988441048544,invalid,100,0.732972949169985,8
535,10.865466671818188,10.819501202031034,0.9983785532756713,invalid,100,0.7066746137510832,11
536,15.474683396239975,11.682082460735712,10.148634173840154,invalid,300,0.6012491189734945,15
537,7.56122612366243,7.039141908090883,2.760909576736227,invalid,300,0.5321450702796264,7
538,9.26874181155607,7.70279366295519,5.155244373957948,invalid,300,0.5563847575466918,9
539,3.6363157276966596,3.6094504246971657,0.4412025647562989,invalid,100,0.589371955967094,3
540,11.6287880009233,10.17769345190399,5.625234783499122,invalid,300,0.5252666974184781,11
541,1.2465235190335584,1.0440542753072326,0.681007748646442,invalid,300,0.4840944583225196,1
542,20.333764949157274,17.94000556516957,9.571739514281703,invalid,100,0.7912540024031252,20
543,13.150043043794666,5.481634894982695,11.95304609427072,invalid,300,0.5983407810778084,13
544,21.66801555020687,21.205914335763815,4.451077966993319,invalid,100,0.8395397086556451,22
545,9.616373961090604,8.475087567555196,4.543956302806262,invalid,300,0.584265463994522,9
546,9.950502856513978,9.612865783848909,2.570081422679005,invalid,100,0.7086750142327616,10
547,20.952749018832126,17.315082578697513,11.79854256843007,invalid,300,0.7433620443765327,21
548,13.482749527575804,1.1468943565975394,13.43388135120116,invalid,100,0.7154256341974654,13
549,20.82474393964474,19.000443697344046,8.523678751327346,invalid,100,0.7876314224770175,21
550,15.419587712608571,14.982968598316004,3.6433963836928,invalid,100,0.6969928987657181,15
551,5.628482715338491,5.39960634002358,1.5887318998626896,invalid,300,0.45448436032969713,5
552,19.41405569244767,14.818476876780776,12.542659266749345,invalid,100,0.8109114906748258,19
553,9.865714298051754,7.133863936403031,6.81471231584071,invalid,300,0.553148584654693,10
554,13.442993364202547,4.290463544344869,12.739936937231729,invalid,300,0.5830445271143745,13
555,5.266223670289245,3.0094069233274956,4.321641090528373,invalid,300,0.5114079952105445,5
556,8.626513991521819,8.54595849508701,1.1761534960080011,invalid,300,0.46741757515016413,8
557,21.53124186583023,15.156317079140042,15.293149737102826,invalid,100,0.7582472275097786,21
558,0.3785859329060637,0.14408862826393298,0.3500939528174868,invalid,300,0.5185585836469857,0
559,12.712620112123034,2.8973160848366004,12.378055970939142,invalid,100,0.8006873915807611,12
560,10.851541523559536,8.852271985727343,6.276402960951736,invalid,300,0.6567810342330288,11
561,12.228958089820848,8.891913387124992,8.395313709353696,invalid,300,0.5573737959581575,12
562,7.429043002383143,0.3952447633435513,7.4185215176817705,invalid,100,0.5740332285287378,7
563,13.537112236763125,7.633806895111485,11.179373864348142,invalid,100,0.6730984362846025,13
564,7.977833632855206,2.5269592321641383,7.567054018077056,invalid,300,0.6086309990068841,8
565,19.061740617431692,17.20794499311108,8.19979173395937,invalid,300,0.7003726009971359,19
566,14.459310003915995,12.472528574637783,7.31489417176962,invalid,100,0.7151598153359654,14
567,2.560657249373945,2.4778399671392237,0.6459679914816434,invalid,300,0.4998001761839001,2
568,19.928747571205502,11.97328178886931,15.930960515962612,invalid,100,0.8169573898097077,20
569,11.6863851134174,11.07724338668642,3.7237448853561026,invalid,100,0.6667788775948073,11
570,21.42105077205965,17.114842208769453,12.881909499297105,invalid,300,0.6924193811625322,21
571,3.1395663474355042,2.5894929656888217,1.77521915001997,invalid,100,0.6064337275718273,3
572,3.665096401260575,2.6520822940540203,2.5297017879778605,invalid,100,0.5463723429795854,3
573,17.261903877752147,10.671491622454191,13.568072524741478,invalid,100,0.6451071037948752,17
574,18.101878942537894,16.249157771664624,7.9776495888104755,invalid,300,0.6452680738669963,18
575,18.599960966290134,2.6010653115822797,18.417193249580674,invalid,100,0.7727121757590975,18
576,21.734016596898513,8.357271045841932,20.062988264478253,invalid,100,0.7598629239523969,22
577,15.771358506957082,4.044833945986904,15.243853433576417,invalid,300,0.5694027782269371,16
578,2.5042250782105917,0.950234334586398,2.3169371920084476,invalid,100,0.6098332388752368,2
579,5.305252648563764,5.010662427185221,1.743263521641849,invalid,300,0.6217812280743683,5
580,13.12010281676089,12.881857885792199,2.4889426133662376,invalid,100,0.7308457595264624,13
581,10.84635397880928,10.641981380274611,2.095620894990401,invalid,100,0.712913429110549,11
582,9.62687142531827,6.059478792827405,7.4805995881937415,invalid,100,0.7598133510631382,9
583,16.105463219569444,12.830272297893506,9.73499143701784,invalid,100,0.6273147722696517,16
584,1.4357454678665094,0.9923018592708052,1.037642553380944,invalid,300,0.5132383751664416,1
585,0.09845092615498893,0.09425981647179706,0.02841956824932814,invalid,300,0.48665054330417595,0
586,15.780126133680717,8.391228866667094,13.364118336129998,invalid,300,0.6201804936360797,16
587,19.443645580108637,19.12435934920048,3.5091641351647205,invalid,100,0.8152649833617275,19
588,21.864857827390672,10.840939926477088,18.988049645040487,invalid,100,0.8278537994560845,22
589,0.8914442426018078,0.18596192200043923,0.8718319799329531,invalid,100,0.5753455780593363,0
590,16.39539832829192,9.700880548638828,13.217488525601157,invalid,300,0.6338342653962298,16
591,21.915084869574578,21.908123972981176,0.5523122532988962,invalid,300,0.7760539154649816,22
592,6.630833063028276,6.630747041952202,0.033775366631182156,invalid,300,0.5562932717962078,6
593,0.5363443693220542,0.29268456842404883,0.44944524239322015,invalid,300,0.4951127497878627,0
594,5.355584410559671,2.8804464204480302,4.5150097228641615,invalid,300,0.5193401859529546,5
595,6.74583860640612,0.04596954973182856,6.745681974728479,invalid,300,0.5641173674356901,6
596,13.477790941181649,6.616020386840933,11.742194126103659,invalid,100,0.7828482413116666,13
597,8.876378987232673,8.807682657647538,1.1021933256740992,invalid,100,0.6863068549830424,9
598,13.532141312773941,8.296718414436222,10.6903373221072,invalid,300,0.5668020782649827,13
599,11.59788154684292,6.698137935928871,9.46814683905304,invalid,300,0.589723810919824,11
600,7.231466389063688,6.902368797969276,2.1567130344526575,invalid,100,0.5674083835655462,7
601,19.860878080657326,16.159384592594936,11.5468076853882,invalid,300,0.6124993686503492,20
602,8.86684614083642,5.0248460191487805,7.305606269784211,invalid,300,0.553845563989084,9
603,21.004780980797168,20.848458921855443,2.5578476567154467,invalid,100,0.7880009378481196,21
604,19.437074833072113,10.403778941719931,16.418320918969464,invalid,300,0.6589607453419883,19
605,4.967775611818731,3.2442922528920035,3.7620954675826477,invalid,300,0.5443170836214831,5
606,22.212911524511753,16.550225133850986,14.81565005035669,invalid,100,0.7975623229175892,22
607,4.706504481739696,4.518449550445432,1.3171173435633297,invalid,100,0.5618864936520291,4
608,9.536716507909812,9.37890158620453,1.7277635221666425,invalid,100,0.6849605437741778,9
609,11.448037956214062,4.713236701083338,10.432783561757567,invalid,100,0.640015763535113,11
610,22.21999872815688,20.420632789145145,8.759343581010144,invalid,300,0.6380315241507362,22
611,16.23531558408697,14.390102157003652,7.517342085198467,invalid,300,0.6507089404915027,16
612,18.704365070517927,1.365036136385959,18.65448871016227,invalid,300,0.6483299553369686,19
613,19.802755663702154,14.807049605282472,13.14916019611108,invalid,100,0.7431629149975352,20
614,7.689510628385139,5.5530643628185,5.319027156016708,invalid,100,0.6915429842119298,7
615,12.731985304705697,5.752271415664816,11.358469234882282,invalid,100,0.6862457625300868,12
616,11.62688076858437,3.743663824419684,11.007694471441713,invalid,100,0.6978448576882716,11
617,3.8192575253989527,3.7804367775578194,0.5431627897829377,invalid,300,0.4728884391854062,3
618,1.105847408710739,0.9029456943882492,0.6384258487388954,invalid,100,0.4858157049396818,1
619,6.266277682619975,5.806734237156757,2.355434884417887,invalid,300,0.5596284911936913,6
620,11.797640205991891,7.624237274243105,9.003072831876818,invalid,300,0.5715894468708753,11
621,22.390882755587274,20.865994626268176,8.121693101256849,invalid,100,0.8277400724572955,22
622,7.2869512612812635,5.386831158059673,4.907311764993751,invalid,300,0.519474791916646,7
623,13.784038642152227,9.797957692983758,9.695346633042382,invalid,300,0.5808873187900656,14
624,7.143548364477952,6.954708347072783,1.6316602105805558,invalid,100,0.5834018320156429,7
625,0.4443993713334535,0.3462379153415274,0.27858590635838343,invalid,300,0.42432730683389536,0
626,22.592719102132005,4.298547465529905,22.18002358236859,invalid,100,0.8437505027674627,22
627,14.091733197717536,0.26411822834235016,14.089257825631263,invalid,100,0.6627928390798329,14
628,16.188029789324784,14.030152571910921,8.075093019214574,invalid,300,0.7497186395195357,16
629,3.109967599776103,0.6772121089920481,3.0353388988861982,invalid,300,0.49614173938754336,3
630,4.956126458467218,4.1751786730982,2.670406807964802,invalid,100,0.6465058210644788,5
631,6.036176201137647,2.730170224072507,5.383455551852211,invalid,300,0.5080147459835621,6
632,17.964935220449544,17.834503616305817,2.160874414426534,invalid,100,0.7615596771382582,18
633,11.402725707761151,11.34723012637456,1.1236200539037333,invalid,100,0.7003040550375064,11
634,17.723739053479644,16.661735087010662,6.042971944839502,invalid,100,0.7598429637644513,18
635,7.730186639881782,6.359634479698371,4.394409490709579,invalid,300,0.5816905500293446,7
636,2.6571699753446416,2.648940754551403,0.20896209404982,invalid,300,0.5232915626040502,2
637,10.09483065361525,9.956308051545616,1.6665941041231556,invalid,100,0.7018323097501356,10
638,21.670397059028172,11.171814935394444,18.568701078568598,invalid,100,0.7746544285997377,22
639,9.96438933836406,1.9228504065264393,9.777100858670961,invalid,300,0.5610192461983886,10
640,0.0,0.0,0.0,valid,300,0.5122343818267359,0
641,0.0,0.0,0.0,valid,100,0.6534926834396368,0
642,0.0,0.0,0.0,valid,300,0.4285078935744776,0
643,0.0,0.0,0.0,valid,100,0.5975148355831854,0
644,0.0,0.0,0.0,valid,300,0.5268199673409205,0
645,0.0,0.0,0.0,valid,100,0.535692258043149,0
646,0.0,0.0,0.0,valid,300,0.4865123656515239,0
647,0.0,0.0,0.0,valid,300,0.44401160546834945,0
648,0.0,0.0,0.0,valid,300,0.4817260086908213,0
649,0.0,0.0,0.0,valid,100,0.5654105637813454,0
650,0.0,0.0,0.0,valid,100,0.5333968573158152,0
651,0.0,0.0,0.0,valid,300,0.5003287318459685,0
652,0.0,0.0,0.0,valid,300,0.513230135178855,0
653,0.0,0.0,0.0,valid,300,0.5263645488125355,0
654,0.0,0.0,0.0,valid,100,0.6622222618961685,0
655,0.0,0.0,0.0,valid,100,0.6245080915365746,0
656,0.0,0.0,0.0,valid,100,0.5601920088075016,0
657,0.0,0.0,0.0,valid,300,0.5089136099760944,0
658,0.0,0.0,0.0,valid,300,0.455479381792218,0
659,0.0,0.0,0.0,valid,300,0.4609646048165565,0
660,0.0,0.0,0.0,valid,100,0.6256916175220193,0
661,0.0,0.0,0.0,valid,300,0.5229231886781367,0
662,0.0,0.0,0.0,valid,100,0.6103654146232935,0
663,0.0,0.0,0.0,valid,100,0.5606375877765097,0
664,0.0,0.0,0.0,valid,300,0.45528639800243353,0
665,0.0,0.0,0.0,valid,300,0.43250485507324393,0
666,0.0,0.0,0.0,valid,300,0.5353794624036927,0
667,0.0,0.0,0.0,valid,100,0.5790319211452689,0
668,0.0,0.0,0.0,valid,100,0.5682803192744991,0
669,0.0,0.0,0.0,valid,300,0.35997269123411557,0
670,0.0,0.0,0.0,valid,100,0.6911976129685182,0
671,0.0,0.0,0.0,valid,100,0.5648020593051061,0
672,0.0,0.0,0.0,valid,300,0.43901200881018543,0
673,0.0,0.0,0.0,valid,100,0.5377307367333828,0
674,0.0,0.0,0.0,valid,300,0.44822809207303493,0
675,0.0,0.0,0.0,valid,100,0.6006100591726717,0
676,0.0,0.0,0.0,valid,300,0.48192554257853853,0
677,0.0,0.0,0.0,valid,100,0.6079642187728389,0
678,0.0,0.0,0.0,valid,300,0.454048251950968,0
679,0.0,0.0,0.0,valid,300,0.4135006596460339,0
680,0.0,0.0,0.0,valid,100,0.6087343286634865,0
681,0.0,0.0,0.0,valid,300,0.4896114184356021,0
682,0.0,0.0,0.0,valid,100,0.5712525798670964,0
683,0.0,0.0,0.0,valid,300,0.47403565520202984,0
684,0.0,0.0,0.0,valid,300,0.5337441278831542,0
685,0.0,0.0,0.0,valid,100,0.6449480659854265,0
686,0.0,0.0,0.0,valid,100,0.617422257273559,0
687,0.0,0.0,0.0,valid,100,0.5676616055148432,0
688,0.0,0.0,0.0,valid,100,0.5142024069542828,0
689,0.0,0.0,0.0,valid,300,0.4866281873016641,0
690,0.0,0.0,0.0,valid,100,0.6305102151758322,0
691,0.0,0.0,0.0,valid,300,0.46653504580328986,0
692,0.0,0.0,0.0,valid,300,0.49604114031784424,0
693,0.0,0.0,0.0,valid,300,0.49195621178845306,0
694,0.0,0.0,0.0,valid,100,0.5079879164166492,0
695,0.0,0.0,0.0,valid,300,0.44256920619598983,0
696,0.0,0.0,0.0,valid,300,0.47018499129110464,0
697,0.0,0.0,0.0,valid,300,0.44882377609053237,0
698,0.0,0.0,0.0,valid,300,0.5352690162095288,0
699,0.0,0.0,0.0,valid,300,0.4481660549782528,0
700,0.0,0.0,0.0,valid,300,0.5217107093093272,0
701,0.0,0.0,0.0,valid,300,0.5151699661985922,0
702,0.0,0.0,0.0,valid,100,0.5657302188671588,0
703,0.0,0.0,0.0,valid,100,0.5852083352194699,0
704,0.0,0.0,0.0,valid,300,0.4336230635235416,0
705,0.0,0.0,0.0,valid,100,0.5553409541582724,0
706,0.0,0.0,0.0,valid,100,0.5536872555469599,0
707,0.0,0.0,0.0,valid,300,0.4699142662334139,0
708,0.0,0.0,0.0,valid,300,0.4051455571734786,0
709,0.0,0.0,0.0,valid,100,0.6680754130550377,0
710,0.0,0.0,0.0,valid,100,0.5437293688687385,0
711,0.0,0.0,0.0,valid,100,0.5475099330075897,0
712,0.0,0.0,0.0,valid,300,0.45331775028091364,0
713,0.0,0.0,0.0,valid,100,0.5644355301325509,0
714,0.0,0.0,0.0,valid,100,0.4737146624786829,0
715,0.0,0.0,0.0,valid,300,0.5227039016161654,0
716,0.0,0.0,0.0,valid,300,0.5096102929133467,0
717,0.0,0.0,0.0,valid,300,0.4779715989445894,0
718,0.0,0.0,0.0,valid,100,0.5853239002383315,0
719,0.0,0.0,0.0,valid,300,0.5312183188897801,0
720,0.0,0.0,0.0,valid,100,0.5468084131761002,0
721,0.0,0.0,0.0,valid,300,0.5555402412899655,0
722,0.0,0.0,0.0,valid,300,0.5038055704342237,0
723,0.0,0.0,0.0,valid,300,0.5434663172270092,0
724,0.0,0.0,0.0,valid,300,0.4533563407204585,0
725,0.0,0.0,0.0,valid,300,0.41286149055164567,0
726,0.0,0.0,0.0,valid,300,0.4197765021097236,0
727,0.0,0.0,0.0,valid,300,0.45967465610942837,0
728,0.0,0.0,0.0,valid,100,0.5992229686911856,0
729,0.0,0.0,0.0,valid,300,0.39236771578362073,0
730,0.0,0.0,0.0,valid,100,0.6264772636530076,0
731,0.0,0.0,0.0,valid,300,0.5420279378170344,0
732,0.0,0.0,0.0,valid,100,0.5582163380783423,0
733,0.0,0.0,0.0,valid,100,0.553831494795415,0
734,0.0,0.0,0.0,valid,300,0.5184721374014726,0
735,0.0,0.0,0.0,valid,300,0.45867919520991984,0
736,0.0,0.0,0.0,valid,100,0.5739781885774506,0
737,0.0,0.0,0.0,valid,300,0.5126173640154279,0
738,0.0,0.0,0.0,valid,100,0.6415084551459371,0
739,0.0,0.0,0.0,valid,100,0.6119451797374522,0
740,0.0,0.0,0.0,valid,100,0.5888168723366146,0
741,0.0,0.0,0.0,valid,300,0.4973202077828285,0
742,0.0,0.0,0.0,valid,100,0.5744567526602804,0
743,0.0,0.0,0.0,valid,100,0.5237501005944192,0
744,0.0,0.0,0.0,valid,100,0.5212620245723055,0
745,0.0,0.0,0.0,valid,300,0.500401324239402,0
746,0.0,0.0,0.0,valid,100,0.5058852350941478,0
747,0.0,0.0,0.0,valid,100,0.5809922204044256,0
748,0.0,0.0,0.0,valid,300,0.49823972246147397,0
749,0.0,0.0,0.0,valid,300,0.452124458326301,0
750,0.0,0.0,0.0,valid,300,0.4643389480596482,0
751,0.0,0.0,0.0,valid,100,0.5585258851465316,0
752,0.0,0.0,0.0,valid,100,0.570208111108641,0
753,0.0,0.0,0.0,valid,100,0.5771218517833914,0
754,0.0,0.0,0.0,valid,100,0.5074271361376262,0
755,0.0,0.0,0.0,valid,100,0.5496075627445465,0
756,0.0,0.0,0.0,valid,300,0.5152731678020265,0
757,0.0,0.0,0.0,valid,300,0.4267317803085413,0
758,0.0,0.0,0.0,valid,300,0.4929878125348328,0
759,0.0,0.0,0.0,valid,300,0.47170263007290775,0
760,0.0,0.0,0.0,valid,300,0.49769241809954573,0
761,0.0,0.0,0.0,valid,300,0.5176219873350119,0
762,0.0,0.0,0.0,valid,300,0.46052207855436295,0
763,0.0,0.0,0.0,valid,300,0.5337679507623729,0
764,0.0,0.0,0.0,valid,100,0.5014122313399406,0
765,0.0,0.0,0.0,valid,100,0.5311116194359757,0
766,0.0,0.0,0.0,valid,300,0.4809958907721852,0
767,0.0,0.0,0.0,valid,300,0.4505433906061359,0
768,0.0,0.0,0.0,valid,100,0.5884636728075727,0
769,0.0,0.0,0.0,valid,300,0.42544674600951526,0
770,0.0,0.0,0.0,valid,100,0.646714652922247,0
771,0.0,0.0,0.0,valid,300,0.4450383414270319,0
772,0.0,0.0,0.0,valid,300,0.442253644155058,0
773,0.0,0.0,0.0,valid,300,0.4853976208317569,0
774,0.0,0.0,0.0,valid,100,0.5590343065227389,0
775,0.0,0.0,0.0,valid,300,0.41693509548019114,0
776,0.0,0.0,0.0,valid,300,0.46737812572916493,0
777,0.0,0.0,0.0,valid,300,0.5088639868332334,0
778,0.0,0.0,0.0,valid,300,0.46807730288449767,0
779,0.0,0.0,0.0,valid,100,0.6095840661800753,0
780,0.0,0.0,0.0,valid,300,0.46794233003619023,0
781,0.0,0.0,0.0,valid,100,0.693195467084605,0
782,0.0,0.0,0.0,valid,300,0.5730824528264677,0
783,0.0,0.0,0.0,valid,100,0.6206080330996441,0
784,0.0,0.0,0.0,valid,300,0.5016576841719247,0
785,0.0,0.0,0.0,valid,100,0.5708996822867893,0
786,0.0,0.0,0.0,valid,100,0.49910200775425995,0
787,0.0,0.0,0.0,valid,300,0.49759842545285987,0
788,0.0,0.0,0.0,valid,100,0.5651267700349527,0
789,0.0,0.0,0.0,valid,100,0.642731549838829,0
790,0.0,0.0,0.0,valid,300,0.46836483460305,0
791,0.0,0.0,0.0,valid,300,0.4249025541039369,0
792,0.0,0.0,0.0,valid,300,0.46560150683938656,0
793,0.0,0.0,0.0,valid,100,0.564751800833594,0
794,0.0,0.0,0.0,valid,100,0.5762615193440797,0
795,0.0,0.0,0.0,valid,300,0.5242487461297181,0
796,0.0,0.0,0.0,valid,300,0.48266697118825996,0
797,0.0,0.0,0.0,valid,300,0.5299812567057454,0
798,0.0,0.0,0.0,valid,300,0.462893756324976,0
799,0.0,0.0,0.0,valid,100,0.65243503196316,0
800,0.0,0.0,0.0,valid,300,0.47574622785225396,0
801,0.0,0.0,0.0,valid,100,0.5620464423984382,0
802,0.0,0.0,0.0,valid,100,0.5610155335034845,0
803,0.0,0.0,0.0,valid,300,0.49756663838454906,0
804,0.0,0.0,0.0,valid,100,0.4731319729722131,0
805,0.0,0.0,0.0,valid,300,0.5047837030689896,0
806,0.0,0.0,0.0,valid,100,0.6402244066106721,0
807,0.0,0.0,0.0,valid,300,0.42669839191886383,0
808,0.0,0.0,0.0,valid,300,0.48469590843510396,0
809,0.0,0.0,0.0,valid,300,0.4655561607231171,0
810,0.0,0.0,0.0,valid,100,0.5274812428224716,0
811,0.0,0.0,0.0,valid,100,0.6496634333139624,0
812,0.0,0.0,0.0,valid,100,0.5840501141687344,0
813,0.0,0.0,0.0,valid,300,0.45034300961031787,0
814,0.0,0.0,0.0,valid,100,0.5945688920417629,0
815,0.0,0.0,0.0,valid,100,0.6041647171298203,0
816,0.0,0.0,0.0,valid,300,0.5368039748646507,0
817,0.0,0.0,0.0,valid,100,0.5636407860690971,0
818,0.0,0.0,0.0,valid,300,0.4699330523179787,0
819,0.0,0.0,0.0,valid,100,0.5785819656491293,0
820,0.0,0.0,0.0,valid,100,0.5897497604198497,0
821,0.0,0.0,0.0,valid,100,0.5938046494252501,0
822,0.0,0.0,0.0,valid,300,0.5140160311019103,0
823,0.0,0.0,0.0,valid,300,0.4614520053008002,0
824,0.0,0.0,0.0,valid,100,0.634666637977012,0
825,0.0,0.0,0.0,valid,100,0.6812336112098275,0
826,0.0,0.0,0.0,valid,300,0.42352446510012587,0
827,0.0,0.0,0.0,valid,300,0.5324270570156516,0
828,0.0,0.0,0.0,valid,300,0.4515088083359615,0
829,0.0,0.0,0.0,valid,300,0.47662425427615085,0
830,0.0,0.0,0.0,valid,100,0.5316314629326505,0
831,0.0,0.0,0.0,valid,300,0.4943442149209766,0
832,0.0,0.0,0.0,valid,100,0.5746088649789658,0
833,0.0,0.0,0.0,valid,300,0.36981843658720165,0
834,0.0,0.0,0.0,valid,100,0.5727969210829604,0
835,0.0,0.0,0.0,valid,300,0.42266070033318853,0
836,0.0,0.0,0.0,valid,300,0.5721838768175821,0
837,0.0,0.0,0.0,valid,300,0.5250859414486664,0
838,0.0,0.0,0.0,valid,300,0.5018162664967215,0
839,0.0,0.0,0.0,valid,100,0.5129293343839222,0
840,0.0,0.0,0.0,valid,100,0.5660488594967471,0
841,0.0,0.0,0.0,valid,100,0.5509322028056994,0
842,0.0,0.0,0.0,valid,100,0.5306704931818054,0
843,0.0,0.0,0.0,valid,100,0.6134125146784076,0
844,0.0,0.0,0.0,valid,300,0.5434329067901282,0
845,0.0,0.0,0.0,valid,300,0.5469596399921481,0
846,0.0,0.0,0.0,valid,100,0.549849860622644,0
847,0.0,0.0,0.0,valid,100,0.6103115158959278,0
848,0.0,0.0,0.0,valid,300,0.4889802515344214,0
849,0.0,0.0,0.0,valid,300,0.4282385800545676,0
850,0.0,0.0,0.0,valid,100,0.537078050706116,0
851,0.0,0.0,0.0,valid,300,0.4547333293274427,0
852,0.0,0.0,0.0,valid,100,0.5771155630533362,0
853,0.0,0.0,0.0,valid,100,0.5688809861051989,0
854,0.0,0.0,0.0,valid,100,0.6135760031529934,0
855,0.0,0.0,0.0,valid,300,0.4614445225163324,0
856,0.0,0.0,0.0,valid,100,0.6205519109138193,0
857,0.0,0.0,0.0,valid,300,0.4657657753652017,0
858,0.0,0.0,0.0,valid,100,0.5608401075880152,0
859,0.0,0.0,0.0,valid,100,0.6163370382019436,0
860,0.0,0.0,0.0,valid,100,0.6132083587361599,0
861,0.0,0.0,0.0,valid,100,0.604125719178912,0
862,0.0,0.0,0.0,valid,300,0.5236915810893363,0
863,0.0,0.0,0.0,valid,100,0.5931637993273677,0
864,0.0,0.0,0.0,valid,300,0.42133024516405404,0
865,0.0,0.0,0.0,valid,100,0.600992217955454,0
866,0.0,0.0,0.0,valid,300,0.43253124237315127,0
867,0.0,0.0,0.0,valid,100,0.600386070917954,0
868,0.0,0.0,0.0,valid,100,0.6189204210926857,0
869,0.0,0.0,0.0,valid,100,0.5203687453171099,0
870,0.0,0.0,0.0,valid,300,0.39551636825982284,0
871,0.0,0.0,0.0,valid,300,0.3588169020147016,0
872,0.0,0.0,0.0,valid,100,0.5281821252348258,0
873,0.0,0.0,0.0,valid,100,0.5572044718688239,0
874,0.0,0.0,0.0,valid,300,0.4475664019789502,0
875,0.0,0.0,0.0,valid,100,0.5596246330762342,0
876,0.0,0.0,0.0,valid,300,0.4207196064383349,0
877,0.0,0.0,0.0,valid,300,0.49483399595868316,0
878,0.0,0.0,0.0,valid,300,0.5601719352123459,0
879,0.0,0.0,0.0,valid,100,0.6206623336743562,0
880,0.0,0.0,0.0,valid,100,0.6669435802379589,0
881,0.0,0.0,0.0,valid,300,0.513714786859041,0
882,0.0,0.0,0.0,valid,300,0.45886977746589436,0
883,0.0,0.0,0.0,valid,100,0.4554819842559039,0
884,0.0,0.0,0.0,valid,100,0.5587394230010303,0
885,0.0,0.0,0.0,valid,300,0.4883540506276865,0
886,0.0,0.0,0.0,valid,100,0.6016044478946203,0
887,0.0,0.0,0.0,valid,100,0.5394179351250976,0
888,0.0,0.0,0.0,valid,100,0.6493938534906043,0
889,0.0,0.0,0.0,valid,100,0.6141532714927082,0
890,0.0,0.0,0.0,valid,300,0.4728199851523177,0
891,0.0,0.0,0.0,valid,300,0.4029580952360002,0
892,0.0,0.0,0.0,valid,300,0.43474728007883956,0
893,0.0,0.0,0.0,valid,300,0.4876175446640856,0
894,0.0,0.0,0.0,valid,300,0.5115520091146721,0
895,0.0,0.0,0.0,valid,100,0.612062663965095,0
896,0.0,0.0,0.0,valid,100,0.5872919167468895,0
897,0.0,0.0,0.0,valid,100,0.6094773650011499,0
898,0.0,0.0,0.0,valid,300,0.46633455720966926,0
899,0.0,0.0,0.0,valid,100,0.5474172240350812,0
900,0.0,0.0,0.0,valid,100,0.6421514955050426,0
901,0.0,0.0,0.0,valid,300,0.45214928323561304,0
902,0.0,0.0,0.0,valid,100,0.5906446064047091,0
903,0.0,0.0,0.0,valid,100,0.5979991617533981,0
904,0.0,0.0,0.0,valid,300,0.5059571102359882,0
905,0.0,0.0,0.0,valid,100,0.596743471375602,0
906,0.0,0.0,0.0,valid,300,0.43665766777815607,0
907,0.0,0.0,0.0,valid,100,0.5403836916075091,0
908,0.0,0.0,0.0,valid,300,0.5592259702678627,0
909,0.0,0.0,0.0,valid,100,0.5900299389045225,0
910,0.0,0.0,0.0,valid,100,0.610958979887611,0
911,0.0,0.0,0.0,valid,300,0.48315020549029764,0
912,0.0,0.0,0.0,valid,300,0.5256871074935523,0
913,0.0,0.0,0.0,valid,100,0.5788169275542964,0
914,0.0,0.0,0.0,valid,300,0.4305876186976798,0
915,0.0,0.0,0.0,valid,300,0.4780369229864786,0
916,0.0,0.0,0.0,valid,300,0.5347912526145066,0
917,0.0,0.0,0.0,valid,100,0.565080105240542,0
918,0.0,0.0,0.0,valid,300,0.524421510993803,0
919,0.0,0.0,0.0,valid,300,0.4836079570034829,0
920,0.0,0.0,0.0,valid,300,0.46376830354364545,0
921,0.0,0.0,0.0,valid,100,0.5623566431083608,0
922,0.0,0.0,0.0,valid,100,0.5914319023116483,0
923,0.0,0.0,0.0,valid,300,0.4553008342181215,0
924,0.0,0.0,0.0,valid,300,0.4084153593120614,0
925,0.0,0.0,0.0,valid,300,0.5022488324231044,0
926,0.0,0.0,0.0,valid,300,0.5374919397770733,0
927,0.0,0.0,0.0,valid,300,0.4724757077463965,0
928,0.0,0.0,0.0,valid,100,0.502600266494889,0
929,0.0,0.0,0.0,valid,300,0.40960059280010536,0
930,0.0,0.0,0.0,valid,100,0.5718037649955728,0
931,0.0,0.0,0.0,valid,300,0.4464196015660694,0
932,0.0,0.0,0.0,valid,100,0.5918013404980507,0
933,0.0,0.0,0.0,valid,100,0.5963868880578442,0
934,0.0,0.0,0.0,valid,100,0.6277792211957198,0
935,0.0,0.0,0.0,valid,300,0.46340273027795525,0
936,0.0,0.0,0.0,valid,300,0.4969234171982226,0
937,0.0,0.0,0.0,valid,100,0.5911824409638283,0
938,0.0,0.0,0.0,valid,100,0.5205951286796583,0
939,0.0,0.0,0.0,valid,300,0.5379153283864544,0
940,0.0,0.0,0.0,valid,100,0.5950619209599647,0
941,0.0,0.0,0.0,valid,100,0.5231847534840358,0
942,0.0,0.0,0.0,valid,100,0.5435830209812397,0
943,0.0,0.0,0.0,valid,300,0.5115676300855101,0
944,0.0,0.0,0.0,valid,100,0.5611524955238841,0
945,0.0,0.0,0.0,valid,100,0.6016600607179328,0
946,0.0,0.0,0.0,valid,300,0.422104266092084,0
947,0.0,0.0,0.0,valid,300,0.4852003522771054,0
948,0.0,0.0,0.0,valid,100,0.5770993622751894,0
949,0.0,0.0,0.0,valid,100,0.6029441580438877,0
950,0.0,0.0,0.0,valid,300,0.4978678808795912,0
951,0.0,0.0,0.0,valid,300,0.4005733368816361,0
952,0.0,0.0,0.0,valid,300,0.4761956696466032,0
953,0.0,0.0,0.0,valid,100,0.553416362221111,0
954,0.0,0.0,0.0,valid,300,0.38994914797847496,0
955,0.0,0.0,0.0,valid,300,0.57011914135999,0
956,0.0,0.0,0.0,valid,100,0.5430025411430438,0
957,0.0,0.0,0.0,valid,300,0.4926298713490021,0
958,0.0,0.0,0.0,valid,100,0.5946926637962001,0
959,0.0,0.0,0.0,valid,300,0.4768802957718572,0
960,0.0,0.0,0.0,valid,100,0.5029816092587918,0
961,0.0,0.0,0.0,valid,300,0.4859913363485428,0
962,0.0,0.0,0.0,valid,300,0.5366945363092392,0
963,0.0,0.0,0.0,valid,300,0.5144661512435593,0
964,0.0,0.0,0.0,valid,100,0.5531314240660196,0
965,0.0,0.0,0.0,valid,100,0.610085686912832,0
966,0.0,0.0,0.0,valid,300,0.33550693118589087,0
967,0.0,0.0,0.0,valid,100,0.6720469473365991,0
968,0.0,0.0,0.0,valid,300,0.4722832681245925,0
969,0.0,0.0,0.0,valid,300,0.4573025121729896,0
970,0.0,0.0,0.0,valid,100,0.5579582797038625,0
971,0.0,0.0,0.0,valid,300,0.4856972147483947,0
972,0.0,0.0,0.0,valid,100,0.6794624473289941,0
973,0.0,0.0,0.0,valid,300,0.4910779414637573,0
974,0.0,0.0,0.0,valid,100,0.591352509571142,0
975,0.0,0.0,0.0,valid,100,0.6641095452058312,0
976,0.0,0.0,0.0,valid,100,0.5409219164939649,0
977,0.0,0.0,0.0,valid,100,0.5269852746064261,0
978,0.0,0.0,0.0,valid,100,0.5464756811898296,0
979,0.0,0.0,0.0,valid,300,0.44768784630071445,0
980,0.0,0.0,0.0,valid,300,0.46681459935507313,0
981,0.0,0.0,0.0,valid,300,0.5274553926349079,0
982,0.0,0.0,0.0,valid,100,0.5307822833550844,0
983,0.0,0.0,0.0,valid,100,0.5440616076325488,0
984,0.0,0.0,0.0,valid,300,0.5434396939104034,0
985,0.0,0.0,0.0,valid,300,0.4993250916078361,0
986,0.0,0.0,0.0,valid,300,0.4179989044033817,0
987,0.0,0.0,0.0,valid,100,0.6051132298316639,0
988,0.0,0.0,0.0,valid,300,0.5482351394707039,0
989,0.0,0.0,0.0,valid,100,0.5521822744500932,0
990,0.0,0.0,0.0,valid,100,0.5645744325801103,0
991,0.0,0.0,0.0,valid,300,0.47236776506189665,0
992,0.0,0.0,0.0,valid,300,0.4003287862932881,0
993,0.0,0.0,0.0,valid,100,0.6223897480291042,0
994,0.0,0.0,0.0,valid,300,0.46178373998253197,0
995,0.0,0.0,0.0,valid,100,0.5788563251003211,0
996,0.0,0.0,0.0,valid,100,0.5231550188806404,0
997,0.0,0.0,0.0,valid,300,0.42452764814190386,0
998,0.0,0.0,0.0,valid,100,0.5504550931593559,0
999,0.0,0.0,0.0,valid,100,0.6042869634606116,0
1000,0.0,0.0,0.0,valid,100,0.5984283474048242,0
1001,0.0,0.0,0.0,valid,100,0.5407944169486418,0
1002,0.0,0.0,0.0,valid,100,0.5759748279590002,0
1003,0.0,0.0,0.0,valid,100,0.5354276138278882,0
1004,0.0,0.0,0.0,valid,100,0.5373972251444599,0
1005,0.0,0.0,0.0,valid,100,0.5654258488004147,0
1006,0.0,0.0,0.0,valid,300,0.4825373968093073,0
1007,0.0,0.0,0.0,valid,100,0.5957836652371317,0
1008,0.0,0.0,0.0,valid,100,0.6117124948836701,0
1009,0.0,0.0,0.0,valid,100,0.5368685075300745,0
1010,0.0,0.0,0.0,valid,100,0.6055249043109201,0
1011,0.0,0.0,0.0,valid,300,0.5247622947563945,0
1012,0.0,0.0,0.0,valid,100,0.5510372677788224,0
1013,0.0,0.0,0.0,valid,300,0.4834904211881893,0
1014,0.0,0.0,0.0,valid,100,0.5937019566832057,0
1015,0.0,0.0,0.0,valid,300,0.5690399310824743,0
1016,0.0,0.0,0.0,valid,300,0.4281571870669622,0
1017,0.0,0.0,0.0,valid,100,0.5868272789218779,0
1018,0.0,0.0,0.0,valid,300,0.4840078480589085,0
1019,0.0,0.0,0.0,valid,300,0.4468710140048471,0
1020,0.0,0.0,0.0,valid,100,0.5648438026089164,0
1021,0.0,0.0,0.0,valid,100,0.5647236983113324,0
1022,0.0,0.0,0.0,valid,300,0.3440561690662002,0
1023,0.0,0.0,0.0,valid,100,0.526398231755126,0
1024,0.0,0.0,0.0,valid,100,0.5463077512804242,0
1025,0.0,0.0,0.0,valid,300,0.4405723091274237,0
1026,0.0,0.0,0.0,valid,100,0.587913747240732,0
1027,0.0,0.0,0.0,valid,100,0.6346727370988255,0
1028,0.0,0.0,0.0,valid,300,0.5186411310194865,0
1029,0.0,0.0,0.0,valid,300,0.44526167444257736,0
1030,0.0,0.0,0.0,valid,300,0.37271977407411117,0
1031,0.0,0.0,0.0,valid,300,0.5047256796828892,0
1032,0.0,0.0,0.0,valid,300,0.530974520053832,0
1033,0.0,0.0,0.0,valid,300,0.46066398473176695,0
1034,0.0,0.0,0.0,valid,100,0.6577440205065013,0
1035,0.0,0.0,0.0,valid,300,0.40815351370863184,0
1036,0.0,0.0,0.0,valid,100,0.5235443342055781,0
1037,0.0,0.0,0.0,valid,100,0.5987012992415984,0
1038,0.0,0.0,0.0,valid,300,0.411589485135667,0
1039,0.0,0.0,0.0,valid,100,0.594032023397574,0
1040,0.0,0.0,0.0,valid,100,0.6018031774499422,0
1041,0.0,0.0,0.0,valid,300,0.43878667459759746,0
1042,0.0,0.0,0.0,valid,300,0.4513501167926858,0
1043,0.0,0.0,0.0,valid,300,0.5261705720001619,0
1044,0.0,0.0,0.0,valid,100,0.5522341433671227,0
1045,0.0,0.0,0.0,valid,300,0.4754988817757988,0
1046,0.0,0.0,0.0,valid,100,0.5500374805540416,0
1047,0.0,0.0,0.0,valid,100,0.5667988763228762,0
1048,0.0,0.0,0.0,valid,100,0.5237685085104216,0
1049,0.0,0.0,0.0,valid,300,0.4828946999668674,0
1050,0.0,0.0,0.0,valid,100,0.5561710518325969,0
1051,0.0,0.0,0.0,valid,100,0.5616465196572307,0
1052,0.0,0.0,0.0,valid,100,0.5694621362745986,0
1053,0.0,0.0,0.0,valid,300,0.45459568539707995,0
1054,0.0,0.0,0.0,valid,300,0.46821968367832334,0
1055,0.0,0.0,0.0,valid,100,0.5504917915152152,0
1056,0.0,0.0,0.0,valid,100,0.5802720638199559,0
1057,0.0,0.0,0.0,valid,300,0.4355477875424799,0
1058,0.0,0.0,0.0,valid,100,0.5317527097368497,0
1059,0.0,0.0,0.0,valid,300,0.4713943535241444,0
1060,0.0,0.0,0.0,valid,300,0.4665498635339981,0
1061,0.0,0.0,0.0,valid,300,0.4400440731689696,0
1062,0.0,0.0,0.0,valid,300,0.4376689352504244,0
1063,0.0,0.0,0.0,valid,300,0.42735275362025804,0
1064,0.0,0.0,0.0,valid,100,0.5968917805704468,0
1065,0.0,0.0,0.0,valid,300,0.4262079364364573,0
1066,0.0,0.0,0.0,valid,300,0.48719863881309466,0
1067,0.0,0.0,0.0,valid,100,0.6141638940118241,0
1068,0.0,0.0,0.0,valid,100,0.5650140225198337,0
1069,0.0,0.0,0.0,valid,300,0.45358184419728415,0
1070,0.0,0.0,0.0,valid,100,0.6287282209400584,0
1071,0.0,0.0,0.0,valid,100,0.5140314044555937,0
1072,0.0,0.0,0.0,valid,100,0.6307411510564247,0
1073,0.0,0.0,0.0,valid,100,0.5078092004937531,0
1074,0.0,0.0,0.0,valid,100,0.5723106687264519,0
1075,0.0,0.0,0.0,valid,300,0.4646198527149836,0
1076,0.0,0.0,0.0,valid,300,0.4977891323197181,0
1077,0.0,0.0,0.0,valid,100,0.6329807590042532,0
1078,0.0,0.0,0.0,valid,300,0.46720414603358884,0
1079,0.0,0.0,0.0,valid,300,0.49588876058369835,0
1080,0.0,0.0,0.0,valid,100,0.5937289436323545,0
1081,0.0,0.0,0.0,valid,100,0.5845040844256943,0
1082,0.0,0.0,0.0,valid,100,0.4999393242381637,0
1083,0.0,0.0,0.0,valid,300,0.48502376360065225,0
1084,0.0,0.0,0.0,valid,100,0.5469028642523628,0
1085,0.0,0.0,0.0,valid,300,0.4429369098333038,0
1086,0.0,0.0,0.0,valid,100,0.6113136728614993,0
1087,0.0,0.0,0.0,valid,300,0.5332900314634915,0
1088,0.0,0.0,0.0,valid,100,0.6205398348850912,0
1089,0.0,0.0,0.0,valid,100,0.5802178696378543,0
1090,0.0,0.0,0.0,valid,100,0.6188704229614603,0
1091,0.0,0.0,0.0,valid,300,0.4553873368514915,0
1092,0.0,0.0,0.0,valid,300,0.4576074225989758,0
1093,0.0,0.0,0.0,valid,300,0.5551945753040658,0
1094,0.0,0.0,0.0,valid,300,0.43265732576723326,0
1095,0.0,0.0,0.0,valid,100,0.6430310625051209,0
1096,0.0,0.0,0.0,valid,100,0.6258515375894452,0
1097,0.0,0.0,0.0,valid,300,0.5212947868017693,0
1098,0.0,0.0,0.0,valid,100,0.49064632351451726,0
1099,0.0,0.0,0.0,valid,100,0.5409556705164936,0
1100,0.0,0.0,0.0,valid,300,0.450700112036549,0
1101,0.0,0.0,0.0,valid,100,0.6201526042164925,0
1102,0.0,0.0,0.0,valid,100,0.5262971038897166,0
1103,0.0,0.0,0.0,valid,300,0.5083722259152259,0
1104,0.0,0.0,0.0,valid,100,0.5936793686200205,0
1105,0.0,0.0,0.0,valid,300,0.46419639328100104,0
1106,0.0,0.0,0.0,valid,100,0.6273269589921553,0
1107,0.0,0.0,0.0,valid,100,0.561569977272574,0
1108,0.0,0.0,0.0,valid,300,0.5236953999660425,0
1109,0.0,0.0,0.0,valid,100,0.5592132488020888,0
1110,0.0,0.0,0.0,valid,300,0.4578976909332456,0
1111,0.0,0.0,0.0,valid,300,0.47324479064319147,0
1112,0.0,0.0,0.0,valid,300,0.4457604139549206,0
1113,0.0,0.0,0.0,valid,100,0.5736542387712158,0
1114,0.0,0.0,0.0,valid,300,0.4122392224811855,0
1115,0.0,0.0,0.0,valid,100,0.5510655327338405,0
1116,0.0,0.0,0.0,valid,100,0.659421763096449,0
1117,0.0,0.0,0.0,valid,300,0.5021597214229063,0
1118,0.0,0.0,0.0,valid,300,0.46788719988936067,0
1119,0.0,0.0,0.0,valid,100,0.5882286261054293,0
1120,0.0,0.0,0.0,valid,100,0.578343887987396,0
1121,0.0,0.0,0.0,valid,100,0.6258531332587323,0
1122,0.0,0.0,0.0,valid,100,0.5631199265587974,0
1123,0.0,0.0,0.0,valid,100,0.6026895410426708,0
1124,0.0,0.0,0.0,valid,100,0.5123405111911081,0
1125,0.0,0.0,0.0,valid,100,0.6282475494288722,0
1126,0.0,0.0,0.0,valid,100,0.5337147625399311,0
1127,0.0,0.0,0.0,valid,100,0.5699829156096146,0
1128,0.0,0.0,0.0,valid,300,0.45911186545949734,0
1129,0.0,0.0,0.0,valid,300,0.44718076954684993,0
1130,0.0,0.0,0.0,valid,300,0.44175780006333965,0
1131,0.0,0.0,0.0,valid,300,0.41319099348350474,0
1132,0.0,0.0,0.0,valid,300,0.4532011704513038,0
1133,0.0,0.0,0.0,valid,100,0.6055614405341416,0
1134,0.0,0.0,0.0,valid,300,0.37825171252179113,0
1135,0.0,0.0,0.0,valid,300,0.43839424785439396,0
1136,0.0,0.0,0.0,valid,300,0.5088827882390842,0
1137,0.0,0.0,0.0,valid,300,0.47627029956415384,0
1138,0.0,0.0,0.0,valid,100,0.5189516769033763,0
1139,0.0,0.0,0.0,valid,300,0.4723759415079291,0
1140,0.0,0.0,0.0,valid,100,0.5490335946972135,0
1141,0.0,0.0,0.0,valid,100,0.6023589421930509,0
1142,0.0,0.0,0.0,valid,300,0.45006133730902986,0
1143,0.0,0.0,0.0,valid,300,0.44546092039512813,0
1144,0.0,0.0,0.0,valid,300,0.46598968970532584,0
1145,0.0,0.0,0.0,valid,100,0.5096166526847086,0
1146,0.0,0.0,0.0,valid,300,0.4874748916577301,0
1147,0.0,0.0,0.0,valid,300,0.4780829947398151,0
1148,0.0,0.0,0.0,valid,300,0.4991212730740301,0
1149,0.0,0.0,0.0,valid,300,0.5056928273419843,0
1150,0.0,0.0,0.0,valid,300,0.4798681397493767,0
1151,0.0,0.0,0.0,valid,100,0.5736779942702565,0
1152,0.0,0.0,0.0,valid,300,0.44779567716916,0
1153,0.0,0.0,0.0,valid,300,0.5341211395509298,0
1154,0.0,0.0,0.0,valid,100,0.5320017710475299,0
1155,0.0,0.0,0.0,valid,100,0.5603219762430729,0
1156,0.0,0.0,0.0,valid,300,0.5002032336744286,0
1157,0.0,0.0,0.0,valid,100,0.6283181834408694,0
1158,0.0,0.0,0.0,valid,100,0.5754232656250081,0
1159,0.0,0.0,0.0,valid,100,0.5612409079863071,0
1160,0.0,0.0,0.0,valid,300,0.4682717853285592,0
1161,0.0,0.0,0.0,valid,300,0.4534222076043663,0
1162,0.0,0.0,0.0,valid,300,0.47530165059345275,0
1163,0.0,0.0,0.0,valid,300,0.5104624435649466,0
1164,0.0,0.0,0.0,valid,300,0.42005721584892447,0
1165,0.0,0.0,0.0,valid,100,0.4879927505081679,0
1166,0.0,0.0,0.0,valid,300,0.4505661801843056,0
1167,0.0,0.0,0.0,valid,300,0.44442953444235433,0
1168,0.0,0.0,0.0,valid,300,0.5015885595192131,0
1169,0.0,0.0,0.0,valid,300,0.49612818277668436,0
1170,0.0,0.0,0.0,valid,100,0.5280545850576109,0
1171,0.0,0.0,0.0,valid,300,0.45481052761085716,0
1172,0.0,0.0,0.0,valid,300,0.45136433962445144,0
1173,0.0,0.0,0.0,valid,300,0.5284472827691054,0
1174,0.0,0.0,0.0,valid,100,0.5600695254091717,0
1175,0.0,0.0,0.0,valid,100,0.6487872421142415,0
1176,0.0,0.0,0.0,valid,300,0.5153647018136898,0
1177,0.0,0.0,0.0,valid,300,0.49066366336887934,0
1178,0.0,0.0,0.0,valid,300,0.5194810467993554,0
1179,0.0,0.0,0.0,valid,300,0.4590476962493344,0
1180,0.0,0.0,0.0,valid,100,0.6319776240100994,0
1181,0.0,0.0,0.0,valid,100,0.6091949908450631,0
1182,0.0,0.0,0.0,valid,100,0.6495342779737501,0
1183,0.0,0.0,0.0,valid,100,0.6050706049030754,0
1184,0.0,0.0,0.0,valid,100,0.5885435161993192,0
1185,0.0,0.0,0.0,valid,300,0.4425893465203068,0
1186,0.0,0.0,0.0,valid,100,0.5861792908652182,0
1187,0.0,0.0,0.0,valid,100,0.5771284314864236,0
1188,0.0,0.0,0.0,valid,100,0.5695667733309452,0
1189,0.0,0.0,0.0,valid,100,0.5776723706219975,0
1190,0.0,0.0,0.0,valid,300,0.4856152618273284,0
1191,0.0,0.0,0.0,valid,300,0.44918199521774277,0
1192,0.0,0.0,0.0,valid,300,0.5121451606612405,0
1193,0.0,0.0,0.0,valid,300,0.4423760943214815,0
1194,0.0,0.0,0.0,valid,300,0.4661655161289556,0
1195,0.0,0.0,0.0,valid,300,0.4858841507843253,0
1196,0.0,0.0,0.0,valid,100,0.5868234072463504,0
1197,0.0,0.0,0.0,valid,300,0.5595332132176251,0
1198,0.0,0.0,0.0,valid,100,0.537996945572649,0
1199,0.0,0.0,0.0,valid,300,0.49620243306235806,0
1200,0.0,0.0,0.0,valid,300,0.47944690821526237,0
1201,0.0,0.0,0.0,valid,100,0.6190746725053262,0
1202,0.0,0.0,0.0,valid,300,0.45730089836072385,0
1203,0.0,0.0,0.0,valid,100,0.5708614623790845,0
1204,0.0,0.0,0.0,valid,300,0.4677573767707023,0
1205,0.0,0.0,0.0,valid,300,0.5191905832311488,0
1206,0.0,0.0,0.0,valid,100,0.5798852486799286,0
1207,0.0,0.0,0.0,valid,100,0.6148274207285063,0
1208,0.0,0.0,0.0,valid,300,0.4259338630179921,0
1209,0.0,0.0,0.0,valid,100,0.5800575233269674,0
1210,0.0,0.0,0.0,valid,300,0.48434801239050507,0
1211,0.0,0.0,0.0,valid,100,0.6085016124251812,0
1212,0.0,0.0,0.0,valid,100,0.6660880021873496,0
1213,0.0,0.0,0.0,valid,300,0.4397952560881829,0
1214,0.0,0.0,0.0,valid,300,0.4386449318001536,0
1215,0.0,0.0,0.0,valid,300,0.5459813862891053,0
1216,0.0,0.0,0.0,valid,100,0.6146758218676038,0
1217,0.0,0.0,0.0,valid,100,0.5113036895745069,0
1218,0.0,0.0,0.0,valid,100,0.5622550112238228,0
1219,0.0,0.0,0.0,valid,300,0.51263369401397,0
1220,0.0,0.0,0.0,valid,100,0.5505888272246243,0
1221,0.0,0.0,0.0,valid,300,0.4688290531961881,0
1222,0.0,0.0,0.0,valid,300,0.46125864863192845,0
1223,0.0,0.0,0.0,valid,300,0.4754529554362377,0
1224,0.0,0.0,0.0,valid,300,0.4547252154927361,0
1225,0.0,0.0,0.0,valid,100,0.5273564734468268,0
1226,0.0,0.0,0.0,valid,300,0.5634005313590666,0
1227,0.0,0.0,0.0,valid,100,0.5237934334882703,0
1228,0.0,0.0,0.0,valid,300,0.531356992461371,0
1229,0.0,0.0,0.0,valid,100,0.5928982109006744,0
1230,0.0,0.0,0.0,valid,300,0.4350167893270534,0
1231,0.0,0.0,0.0,valid,300,0.419304806513087,0
1232,0.0,0.0,0.0,valid,100,0.5833132451493555,0
1233,0.0,0.0,0.0,valid,100,0.5820059553023459,0
1234,0.0,0.0,0.0,valid,300,0.5205145929949632,0
1235,0.0,0.0,0.0,valid,300,0.5524093362534522,0
1236,0.0,0.0,0.0,valid,100,0.597227091782558,0
1237,0.0,0.0,0.0,valid,300,0.4675722785992164,0
1238,0.0,0.0,0.0,valid,300,0.5187393990151223,0
1239,0.0,0.0,0.0,valid,300,0.535565244984163,0
1240,0.0,0.0,0.0,valid,300,0.4713876109021752,0
1241,0.0,0.0,0.0,valid,300,0.5067658517563496,0
1242,0.0,0.0,0.0,valid,300,0.5147143383230816,0
1243,0.0,0.0,0.0,valid,100,0.575069393428338,0
1244,0.0,0.0,0.0,valid,300,0.46944504203079035,0
1245,0.0,0.0,0.0,valid,100,0.5910546532605295,0
1246,0.0,0.0,0.0,valid,300,0.4956721434415272,0
1247,0.0,0.0,0.0,valid,100,0.5644871349327997,0
1248,0.0,0.0,0.0,valid,300,0.5326652382566605,0
1249,0.0,0.0,0.0,valid,300,0.456403749882989,0
1250,0.0,0.0,0.0,valid,300,0.4014173288506476,0
1251,0.0,0.0,0.0,valid,100,0.5115447146120962,0
1252,0.0,0.0,0.0,valid,100,0.6294911626892075,0
1253,0.0,0.0,0.0,valid,100,0.5816618170323584,0
1254,0.0,0.0,0.0,valid,100,0.6019783269803761,0
1255,0.0,0.0,0.0,valid,100,0.5955667172488615,0
1256,0.0,0.0,0.0,valid,100,0.45656582091553394,0
1257,0.0,0.0,0.0,valid,300,0.4738656683835635,0
1258,0.0,0.0,0.0,valid,300,0.4824157936644574,0
1259,0.0,0.0,0.0,valid,100,0.5881365843996595,0
1260,0.0,0.0,0.0,valid,100,0.566419236094918,0
1261,0.0,0.0,0.0,valid,300,0.4478995407842269,0
1262,0.0,0.0,0.0,valid,100,0.5543875723725057,0
1263,0.0,0.0,0.0,valid,300,0.5122762883368381,0
1264,0.0,0.0,0.0,valid,100,0.584246014874122,0
1265,0.0,0.0,0.0,valid,300,0.4351668743449111,0
1266,0.0,0.0,0.0,valid,100,0.6177318493145265,0
1267,0.0,0.0,0.0,valid,300,0.5168219262154354,0
1268,0.0,0.0,0.0,valid,100,0.5859333294000744,0
1269,0.0,0.0,0.0,valid,300,0.4614709456049614,0
1270,0.0,0.0,0.0,valid,300,0.5521399962197507,0
1271,0.0,0.0,0.0,valid,300,0.49138300264179313,0
1272,0.0,0.0,0.0,valid,100,0.5463331241934127,0
1273,0.0,0.0,0.0,valid,300,0.4926478482103518,0
1274,0.0,0.0,0.0,valid,300,0.4302194306404512,0
1275,0.0,0.0,0.0,valid,100,0.5536927821487407,0
1276,0.0,0.0,0.0,valid,300,0.5031226294829236,0
1277,0.0,0.0,0.0,valid,300,0.48578003250660073,0
1278,0.0,0.0,0.0,valid,300,0.4623095794128098,0
1279,0.0,0.0,0.0,valid,100,0.5761402576468992,0
