times_1,times_2,times_3,times_4,times_5,times_6,times_7,times_8,times_9,times_10,times_11,times_12,times_13,times_14,times_15,times_16,times_17,times_18,times_19,times_20,times_21,times_22,times_23,times_24,times_25,times_26,times_27,times_28,times_29,times_30,times_31,times_32,times_33,times_34,times_35,times_36,times_37,times_38,times_39,times_40,times_41,times_42,times_43,times_44,times_45,times_46,times_47,times_48,times_49,times_50,times_51,times_52,times_53,times_54,times_55,times_56,times_57,times_58,times_59,times_60,times_61,times_62,times_63,times_64,times_65,times_66,times_67,times_68,times_69,times_70,times_71,times_72,times_73,times_74,times_75,times_76,times_77,times_78,times_79,times_80,times_81,times_82,times_83,times_84,times_85,times_86,times_87,times_88,times_89
-0.989333333333335,-0.94019999999999,-0.91579999999999,-0.848033333333333,-0.747033333333334,-0.642733333333325,-0.550433333333331,-0.443399999999997,-0.388466666666659,-0.311666666666667,-0.222433333333328,-0.20356666666666,-0.174333333333323,-0.149166666666659,-0.136600000000001,-0.107633333333325,-0.0913666666666586,-0.0804666666666662,-0.0569333333333333,-0.0543333333333322,-0.0356333333333225,-0.0163333333333355,0.0139000000000067,0.0259000000000071,0.047300000000007,0.0621000000000009,0.0792333333333346,0.0950333333333333,0.116500000000002,0.141800000000003,0.175233333333338,0.203766666666667,0.220500000000001,0.241,0.269000000000005,0.286766666666665,0.305500000000009,0.338233333333335,0.365400000000008,0.406000000000006,0.442000000000007,0.481666666666669,0.575666666666677,0.610366666666678,0.665533333333343,0.694633333333343,0.729333333333344,0.804700000000011,0.836333333333343,0.889700000000005,0.971433333333337,0.99730000000001,,,,,,,,,,,,,,,,,,,,,,,,,,,,,,,,,,,,,
-0.98996666666666,-0.965999999999994,-0.944933333333324,-0.882766666666669,-0.859399999999994,-0.81989999999999,-0.769499999999994,-0.707633333333334,-0.663366666666661,-0.626999999999995,-0.608033333333324,-0.56986666666667,-0.525999999999996,-0.462999999999994,-0.420533333333324,-0.381233333333327,-0.300699999999992,-0.260866666666658,-0.247433333333333,-0.197800000000001,-0.166866666666664,-0.133166666666668,-0.0596666666666579,-0.0210666666666697,-0.00626666666666154,0.0213666666666654,0.0452666666666772,0.0635000000000048,0.0837000000000074,0.13430000000001,0.172600000000003,0.18910000000001,0.217700000000008,0.278666666666666,0.331333333333333,0.370699999999999,0.384700000000009,0.419966666666667,0.460400000000007,0.51403333333333,0.547533333333334,0.571300000000008,0.642933333333332,0.697766666666666,0.724866666666671,0.790400000000005,0.845300000000009,0.873699999999999,0.912300000000002,0.962299999999999,0.973466666666667,,,,,,,,,,,,,,,,,,,,,,,,,,,,,,,,,,,,,,
-0.975133333333332,-0.929333333333318,-0.903966666666662,-0.875866666666667,-0.82923333333332,-0.799900000000008,-0.774333333333317,-0.727200000000011,-0.718666666666678,-0.696566666666655,-0.675633333333337,-0.634666666666675,-0.598800000000011,-0.580600000000004,-0.55213333333333,-0.536033333333336,-0.516300000000001,-0.491700000000009,-0.462433333333337,-0.439599999999984,-0.416866666666664,-0.377999999999986,-0.345033333333333,-0.328900000000004,-0.315699999999993,-0.296233333333333,-0.27940000000001,-0.244566666666657,-0.222066666666677,-0.201033333333328,-0.189433333333341,-0.160633333333323,-0.147966666666662,-0.124733333333324,-0.107200000000006,-0.100733333333324,-0.0745000000000005,-0.0472000000000037,-0.0312999999999874,-0.0171666666666681,-0.00169999999999959,0.00916666666665833,0.0282333333333327,0.0493000000000166,0.0661000000000058,0.0889999999999986,0.100366666666673,0.127200000000016,0.145600000000002,0.152166666666659,0.17143333333334,0.181766666666675,0.192599999999999,0.213200000000001,0.232699999999994,0.250166666666672,0.25739999999999,0.285533333333348,0.294266666666658,0.315633333333324,0.334466666666657,0.366866666666681,0.385866666666658,0.395633333333336,0.449466666666666,0.476500000000016,0.51636666666667,0.570533333333344,0.628533333333337,0.685466666666656,0.704933333333344,0.770366666666661,0.794366666666662,0.832333333333338,0.847233333333349,0.851033333333334,0.868500000000012,0.881766666666664,0.906966666666676,0.927466666666675,0.941466666666656,0.960066666666677,0.977833333333336,0.989766666666668,,,,,
-0.989733333333334,-0.959233333333316,-0.935833333333335,-0.906566666666663,-0.864100000000008,-0.842633333333339,-0.803266666666673,-0.774333333333317,-0.734666666666669,-0.69186666666667,-0.667366666666652,-0.65646666666666,-0.620299999999986,-0.591399999999993,-0.543366666666657,-0.503433333333334,-0.473500000000001,-0.442633333333333,-0.383466666666664,-0.361266666666666,-0.328833333333336,-0.288566666666668,-0.262,-0.229899999999986,-0.202666666666659,-0.160666666666657,-0.138066666666674,-0.106400000000008,-0.0849333333333391,-0.0671999999999855,-0.044700000000006,-0.0243999999999858,-0.00306666666665478,0.0102666666666664,0.0303000000000111,0.0471666666666692,0.0701333333333309,0.0862333333333254,0.0895666666666841,0.0991333333333273,0.106300000000005,0.132333333333349,0.143300000000011,0.154466666666679,0.176266666666663,0.191733333333332,0.210900000000009,0.221266666666679,0.252499999999998,0.266733333333349,0.286666666666662,0.297366666666676,0.313633333333343,0.32213333333334,0.340066666666672,0.354533333333336,0.369066666666669,0.384233333333327,0.396266666666662,0.402166666666659,0.41973333333334,0.440533333333349,0.472499999999997,0.485199999999992,0.510300000000001,0.53303333333335,0.567266666666683,0.602566666666661,0.628533333333337,0.663833333333343,0.721066666666673,0.763966666666676,0.827066666666667,0.868700000000018,0.923233333333343,,,,,,,,,,,,,,
-0.988033333333334,-0.957233333333335,-0.903766666666655,-0.869299999999981,-0.621966666666651,-0.453833333333336,-0.353799999999978,-0.316999999999979,-0.298999999999978,-0.244399999999985,-0.188400000000001,-0.137466666666654,-0.101266666666646,-0.0865666666666414,-0.0621666666666556,-0.0252999999999872,-0.0116666666666561,0.00193333333334067,0.0207333333333395,0.046966666666691,0.0833666666666772,0.119633333333354,0.140366666666665,0.154266666666672,0.172566666666683,0.190666666666687,0.213566666666679,0.228066666666678,0.248199999999997,0.290066666666689,0.314833333333354,0.334233333333344,0.360333333333358,0.367100000000022,0.382866666666672,0.414633333333342,0.434966666666668,0.466666666666669,0.486633333333344,0.506733333333358,0.549900000000008,0.576000000000022,0.622733333333343,0.671400000000006,0.712966666666688,0.771466666666669,0.810000000000002,0.948300000000017,,,,,,,,,,,,,,,,,,,,,,,,,,,,,,,,,,,,,,,,,
-0.982333333333372,-0.963033333333385,-0.926966666666715,-0.89886666666672,-0.859066666666706,-0.826033333333385,-0.796633333333375,-0.748900000000049,-0.721733333333361,-0.70113333333336,-0.667266666666706,-0.63330000000002,-0.584166666666704,-0.531366666666713,-0.447466666666685,-0.400200000000041,-0.356800000000021,-0.330900000000042,-0.288966666666681,-0.261099999999999,-0.217666666666673,-0.19773333333336,-0.176033333333351,-0.151366666666718,-0.125800000000027,-0.113666666666688,-0.033833333333348,-0.00480000000004566,0.0301333333333105,0.0678999999999519,0.0960999999999785,0.11239999999998,0.133733333333282,0.155033333333279,0.171833333333325,0.19023333333331,0.209766666666667,0.224633333333315,0.241299999999967,0.259133333333295,0.272433333333311,0.287733333333279,0.30419999999998,0.323766666666643,0.336399999999969,0.352833333333308,0.370333333333292,0.399066666666613,0.407599999999945,0.428699999999992,0.454933333333315,0.482633333333297,0.513833333333309,0.603366666666659,0.686433333333298,0.754333333333307,0.787133333333315,0.839599999999962,0.897666666666623,0.930066666666619,0.970066666666639,,,,,,,,,,,,,,,,,,,,,,,,,,,,
-0.991533333333336,-0.962333333333333,-0.926400000000001,-0.909500000000037,-0.870833333333337,-0.836299999999994,-0.80916666666667,-0.763599999999997,-0.700633333333371,-0.675033333333374,-0.65693333333337,-0.6208666666667,-0.588533333333373,-0.578566666666688,-0.565200000000004,-0.541200000000003,-0.505733333333353,-0.488833333333332,-0.465666666666664,-0.441833333333363,-0.402366666666694,-0.372133333333352,-0.355433333333337,-0.32213333333334,-0.294700000000034,-0.236266666666666,-0.227466666666658,-0.195233333333363,-0.172900000000027,-0.150766666666698,-0.111800000000017,-0.0725333333333538,-0.041433333333373,-0.016933333333327,0.00413333333330002,0.043233333333319,0.081766666666681,0.0935000000000059,0.11196666666666,0.128733333333344,0.150966666666648,0.156066666666675,0.181133333333321,0.200366666666639,0.210533333333331,0.2267333333333,0.239633333333302,0.250166666666644,0.254333333333307,0.273899999999969,0.287100000000009,0.303766666666661,0.336433333333332,0.348599999999976,0.372766666666678,0.391533333333314,0.416499999999985,0.43549999999999,0.477866666666671,0.497366666666665,0.558533333333344,0.607333333333315,0.662566666666635,0.690266666666673,0.756933333333336,0.792300000000012,0.827999999999975,0.864266666666651,0.892699999999991,0.934966666666639,0.961366666666663,0.993633333333321,,,,,,,,,,,,,,,,,
-0.979733333333343,-0.931666666666615,-0.88306666666665,-0.833766666666634,-0.800100000000043,-0.783033333333378,-0.753900000000044,-0.685200000000009,-0.647733333333349,-0.600999999999999,-0.544433333333359,-0.514166666666711,-0.474900000000048,-0.451900000000023,-0.375499999999988,-0.332199999999943,-0.223533333333307,-0.208066666666696,-0.177233333333334,-0.157833333333315,-0.122133333333295,-0.113799999999969,-0.0916333333333341,-0.07473333333337,-0.0586666666666815,-0.0445999999999458,-0.0252666666666528,-0.0188666666666677,-0.0039000000000442,0.0215666666666721,0.0407333333333781,0.0471999999999753,0.0538333333333867,0.0714333333332888,0.08873333333338,0.105733333333319,0.124266666666699,0.138400000000047,0.144566666666719,0.159766666666656,0.168133333333344,0.175666666666643,0.18063333333339,0.209299999999985,0.222166666666681,0.240333333333297,0.262200000000007,0.269633333333331,0.296466666666674,0.315633333333381,0.327966666666725,0.346833333333393,0.372966666666684,0.386933333333332,0.419099999999958,0.436599999999999,0.479199999999992,0.488100000000031,0.527366666666694,0.572066666666728,0.609100000000012,0.646733333333373,0.665399999999977,0.732799999999997,0.76520000000005,0.829533333333302,0.869800000000055,0.958166666666671,0.990466666666634,,,,,,,,,,,,,,,,,,,,
-0.93573333333336,-0.899599999999964,-0.878466666666668,-0.843100000000049,-0.809466666666708,-0.740466666666634,-0.69066666666663,-0.666699999999992,-0.634166666666715,-0.59263333333331,-0.573133333333317,-0.522966666666662,-0.501033333333339,-0.459833333333336,-0.43593333333331,-0.406033333333312,-0.390499999999975,-0.382799999999975,-0.36433333333332,-0.346900000000005,-0.324299999999994,-0.297966666666639,-0.263033333333397,-0.247500000000059,-0.225300000000061,-0.211833333333402,-0.19973333333337,-0.182666666666705,-0.166433333333316,-0.150833333333367,-0.134133333333352,-0.127133333333404,-0.107700000000023,-0.0972666666666555,-0.0615000000000236,-0.0439000000000078,-0.0257000000000289,-0.00546666666673445,0.00886666666667679,0.0293000000000347,0.0396333333333132,0.0583000000000311,0.0636333333333141,0.0785333333333256,0.117166666666662,0.13863333333336,0.154099999999971,0.160933333333332,0.184099999999944,0.202333333333286,0.217599999999948,0.220866666666666,0.24666666666667,0.256899999999973,0.272166666666635,0.284733333333293,0.31093333333331,0.334466666666685,0.354600000000005,0.402233333333356,0.441166666666618,0.481999999999971,0.520700000000033,0.607200000000034,0.654866666666635,0.671766666666599,0.703766666666638,0.728600000000029,0.755400000000009,0.784466666666617,0.803333333333285,0.849733333333347,0.870233333333317,0.891300000000001,0.923299999999927,0.952633333333324,0.99193333333335,,,,,,,,,,,,
-0.961366666666663,-0.920333333333247,-0.882233333333261,-0.850399999999922,-0.821866666666665,-0.77699999999993,-0.741733333333286,-0.692333333333295,-0.676266666666606,-0.649933333333252,-0.621899999999982,-0.598333333333244,-0.575766666666595,-0.558233333333305,-0.541299999999978,-0.512599999999907,-0.483066666666673,-0.459333333333234,-0.448399999999992,-0.408799999999928,-0.389999999999986,-0.375099999999975,-0.36416666666662,-0.335566666666637,-0.319999999999936,-0.304566666666574,-0.301766666666595,-0.269633333333331,-0.257399999999961,-0.250233333333313,-0.236233333333303,-0.213566666666566,-0.201966666666635,-0.196933333333277,-0.176766666666595,-0.168733333333307,-0.151233333333266,-0.134399999999914,-0.128199999999993,-0.113233333333255,-0.0978666666666186,-0.0848666666665849,-0.0736666666666679,-0.0645666666665647,-0.0494666666666035,-0.0333666666666659,-0.0210666666665702,-0.00719999999989795,0.0168333333333521,0.0335666666667294,0.0441666666666833,0.0626000000000886,0.083400000000097,0.0923666666667486,0.11340000000007,0.138500000000022,0.153099999999995,0.161366666666709,0.172500000000014,0.193033333333346,0.21040000000005,0.225666666666712,0.23700000000008,0.259200000000078,0.268900000000031,0.289766666666765,0.300100000000043,0.321800000000053,0.342333333333386,0.356566666666708,0.389966666666737,0.424633333333418,0.464733333333356,0.486133333333328,0.528200000000083,0.589333333333343,0.64336666666668,0.6871000000001,0.721700000000055,0.800866666666707,0.850066666666748,0.890600000000063,0.924666666666667,0.943566666666698,0.959733333333361,,,,
-0.979533333333393,-0.950733333333346,-0.922833333333301,-0.885033333333354,-0.857266666666646,-0.832966666666721,-0.7963666666667,-0.768599999999992,-0.700166666666632,-0.6488333333333,-0.618966666666665,-0.593966666666688,-0.55933333333337,-0.55090000000007,-0.525800000000004,-0.518000000000029,-0.477633333333301,-0.444133333333411,-0.407666666666728,-0.38093333333336,-0.361600000000067,-0.345699999999965,-0.333433333333346,-0.319500000000062,-0.302233333333334,-0.289466666666726,-0.284033333333355,-0.280899999999974,-0.252700000000004,-0.203333333333376,-0.177199999999971,-0.154633333333322,-0.126800000000003,-0.106800000000021,-0.0806333333333669,-0.0628666666666504,-0.0542666666666491,-0.0388333333334003,-0.0170333333333019,0.00113333333331411,0.0206333333333077,0.0384000000000242,0.0519666666666581,0.071866666666665,0.0814000000000306,0.113366666666593,0.136133333333305,0.163766666666675,0.174533333333329,0.188266666666664,0.214200000000005,0.242533333333313,0.25806666666665,0.285266666666644,0.309999999999945,0.325666666666621,0.368399999999951,0.540099999999939,0.578999999999951,0.60450000000003,0.630599999999959,0.669999999999959,0.720699999999965,0.77170000000001,0.804099999999949,0.861266666666666,0.893699999999967,0.934033333333332,0.984333333333325,,,,,,,,,,,,,,,,,,,,
-0.989533333333384,-0.950766666666709,-0.94380000000001,-0.9138333333334,-0.88093333333336,-0.865300000000047,-0.849966666666774,-0.823933333333343,-0.81016666666676,-0.794466666666722,-0.777533333333395,-0.768766666666693,-0.758100000000013,-0.741833333333375,-0.727400000000102,-0.710000000000036,-0.674733333333393,-0.632333333333349,-0.597133333333431,-0.556966666666767,-0.528133333333358,-0.510933333333355,-0.487600000000043,-0.464566666666769,-0.457733333333408,-0.425233333333381,-0.406033333333426,-0.38686666666672,-0.375900000000001,-0.36236666666673,-0.342300000000023,-0.319566666666674,-0.309133333333421,-0.290166666666778,-0.280533333333437,-0.264900000000011,-0.259333333333416,-0.223833333333346,-0.209433333333436,-0.192800000000034,-0.178900000000112,-0.155600000000049,-0.140466666666725,-0.12166666666667,-0.105500000000006,-0.0947000000001026,-0.0801333333333787,-0.0637333333334027,-0.054300000000012,-0.0387333333334254,-0.0176666666667415,0.00713333333328592,0.0160666666665747,0.0281333333332441,0.0434333333332688,0.0628333333332876,0.0741333333332932,0.0883999999999787,0.113666666666631,0.131266666666647,0.155733333333274,0.179133333333311,0.188166666666575,0.196033333333276,0.227233333333288,0.244166666666615,0.27069999999992,0.309266666666645,0.331766666666567,0.355099999999993,0.375299999999925,0.405099999999948,0.440933333333305,0.474199999999996,0.499733333333324,0.547099999999887,0.571266666666588,0.59663333333333,0.615766666666559,0.636833333333243,0.669766666666646,0.684099999999944,0.741833333333261,0.79396666666662,0.830333333333328,0.872266666666633,0.896233333333271,0.935766666666609,0.986266666666666
-0.984299999999962,-0.946433333333289,-0.910466666666593,-0.884399999999914,-0.847099999999955,-0.821299999999951,-0.808933333333357,-0.754466666666644,-0.703666666666663,-0.666666666666629,-0.644266666666681,-0.600599999999986,-0.579200000000014,-0.528266666666582,-0.459466666666685,-0.426399999999944,-0.38763333333327,-0.372299999999996,-0.354233333333354,-0.329599999999914,-0.291033333333303,-0.266266666666638,-0.246199999999931,-0.216266666666684,-0.199066666666681,-0.158599999999979,-0.134166666666601,-0.1171333333333,-0.104566666666642,-0.0789999999999509,-0.0603333333333467,-0.0290666666666084,-0.00919999999996435,0.00560000000007221,0.0240000000000009,0.0466000000000122,0.0676666666666961,0.0807666666667046,0.111533333333341,0.151533333333418,0.167766666666694,0.181900000000041,0.21530000000007,0.235599999999977,0.258033333333401,0.281400000000076,0.360400000000027,0.413033333333374,0.438133333333326,0.504233333333332,0.558100000000081,0.590800000000058,0.62026666666668,0.642766666666716,0.667900000000031,0.691166666666732,0.720266666666703,0.743200000000002,0.766933333333327,0.791533333333405,0.826700000000073,0.850233333333335,0.875099999999975,0.929966666666701,0.970300000000066,,,,,,,,,,,,,,,,,,,,,,,,
-0.986366666666754,-0.95566666666673,-0.927333333333422,-0.825199999999995,-0.78393333333338,-0.759500000000003,-0.719300000000089,-0.698733333333394,-0.689000000000078,-0.664000000000101,-0.639466666666749,-0.589033333333418,-0.538133333333349,-0.489000000000033,-0.436533333333387,-0.323733333333394,-0.269400000000019,-0.239133333333371,-0.215333333333433,-0.152966666666771,-0.107633333333411,-0.0619333333333998,-0.0301333333334242,-0.0104666666667299,0.0229333333332988,0.0390666666665993,0.0602333333332581,0.0768999999999096,0.0831999999999198,0.0992666666666082,0.107533333333322,0.127199999999903,0.142799999999966,0.150366666666628,0.166533333333291,0.183299999999917,0.201299999999947,0.211899999999901,0.22079999999994,0.235933333333264,0.251199999999926,0.261266666666643,0.281099999999924,0.293699999999944,0.311533333333273,0.324566666666669,0.363633333333269,0.383366666666575,0.421433333333312,0.45483333333334,0.49666666666667,0.514899999999898,0.561966666666649,0.639299999999935,0.665333333333251,0.763533333333271,0.810466666666571,0.836666666666588,0.859666666666612,0.913966666666624,0.93509999999992,0.968633333333287,0.994666666666603,,,,,,,,,,,,,,,,,,,,,,,,,,
-0.967333333333386,-0.87146666666672,-0.776966666666681,-0.736800000000017,-0.712633333333429,-0.668033333333369,-0.586700000000064,-0.533766666666679,-0.47163333333333,-0.402700000000095,-0.354233333333354,-0.327066666666724,-0.282633333333365,-0.261800000000108,-0.248100000000022,-0.203733333333389,-0.170266666666748,-0.152366666666694,-0.123466666666673,-0.0925000000000864,-0.0678333333333967,-0.051900000000046,-0.024366666666765,-0.00250000000005457,0.0146666666665851,0.0375999999999976,0.0460666666666611,0.0676333333333332,0.082533333333231,0.105699999999956,0.115799999999922,0.137933333333308,0.15986666666663,0.165566666666564,0.183033333333242,0.193499999999972,0.215799999999945,0.253466666666668,0.271699999999896,0.299633333333304,0.333299999999895,0.370999999999981,0.426733333333232,0.539099999999962,0.606166666666581,0.674966666666592,0.717999999999961,0.735766666666564,0.750133333333338,0.823666666666668,0.852666666666664,0.881899999999973,0.943133333333321,0.989233333333232,,,,,,,,,,,,,,,,,,,,,,,,,,,,,,,,,,,
-0.874000000000024,-0.812666666666701,-0.77113333333341,-0.750100000000089,-0.703533333333326,-0.651366666666718,-0.59030000000007,-0.544633333333422,-0.498733333333348,-0.450800000000072,-0.437999999999988,-0.368400000000065,-0.346133333333341,-0.322600000000079,-0.299366666666742,-0.281600000000026,-0.262500000000045,-0.25100000000009,-0.226566666666713,-0.203833333333364,-0.181800000000067,-0.153833333333409,-0.123433333333423,-0.0923333333333858,-0.0691333333334114,-0.0312000000000126,0.00479999999993197,0.0174999999999272,0.0379666666666481,0.0561999999999898,0.0828999999999951,0.101466666666624,0.118333333333339,0.146866666666597,0.161099999999919,0.187099999999987,0.208700000000022,0.231733333333295,0.244833333333304,0.266833333333352,0.316399999999931,0.34086666666667,0.348299999999995,0.393833333333305,0.421899999999937,0.445699999999988,0.457199999999943,0.555166666666651,0.622266666666633,0.702766666666662,0.746866666666619,0.798999999999978,0.826733333333323,0.921966666666663,0.97413333333327,,,,,,,,,,,,,,,,,,,,,,,,,,,,,,,,,,
-0.979100000000017,-0.95049999999992,-0.8909666666666,-0.840200000000095,-0.728599999999915,-0.677200000000084,-0.605199999999968,-0.567366666666658,-0.539299999999912,-0.420366666666723,-0.379300000000057,-0.346866666666756,-0.310033333333422,-0.288600000000088,-0.259333333333416,-0.232433333333347,-0.209666666666635,-0.184700000000021,-0.167333333333318,-0.147300000000087,-0.128433333333305,-0.109699999999975,-0.0842000000000098,-0.0560333333332892,-0.0421666666666169,-0.0327333333332263,-0.0271333333332677,-0.0081000000000131,0.000199999999949796,0.016399999999976,0.0323666666665758,0.044933333333347,0.0580999999999676,0.0773999999998978,0.0892333333333681,0.107066666666697,0.129833333333409,0.14966666666669,0.174233333333405,0.204366666666601,0.224099999999908,0.240633333333335,0.26003333333324,0.292566666666744,0.305366666666714,0.340533333333269,0.356999999999971,0.372200000000021,0.395999999999958,0.44026666666673,0.4844333333333,0.527333333333445,0.543133333333344,0.59623333333343,0.690233333333254,0.767166666666753,0.80676666666659,0.847400000000107,0.893466666666654,0.934933333333447,0.97476666666671,,,,,,,,,,,,,,,,,,,,,,,,,,,,
-0.984000000000151,-0.91266666666661,-0.859666666666726,-0.839500000000044,-0.804533333333438,-0.784366666666756,-0.725866666666661,-0.686500000000024,-0.634700000000066,-0.582533333333458,-0.563599999999951,-0.525700000000143,-0.485300000000052,-0.450433333333422,-0.421033333333298,-0.387500000000045,-0.345166666666728,-0.32140000000004,-0.309433333333345,-0.294599999999946,-0.28686666666681,-0.246333333333496,-0.216800000000148,-0.201666666666824,-0.162766666666812,-0.148633333333464,-0.126033333333453,-0.0954000000001543,-0.0734666666667181,-0.0440333333333456,-0.0359000000000833,-0.00863333333336413,-0.000766666666777382,0.0184999999999036,0.0328666666666777,0.0461999999999989,0.0681333333332077,0.0755666666666457,0.0822333333333063,0.111400000000003,0.125133333333224,0.136199999999917,0.143499999999904,0.16639999999984,0.170533333333196,0.187166666666599,0.203033333333224,0.218166666666548,0.227866666666614,0.239066666666531,0.255699999999933,0.276333333333241,0.282533333333276,0.298033333333251,0.319633333333286,0.354433333333191,0.390333333333274,0.408400000000029,0.448133333333317,0.463333333333367,0.517466666666678,0.618799999999965,0.655299999999897,0.841666666666697,0.868099999999913,0.922333333333199,0.980099999999993,,,,,,,,,,,,,,,,,,,,,,
-0.995666666666466,-0.971266666666679,-0.924133333333202,-0.838899999999967,-0.798299999999927,-0.757933333333312,-0.703733333333275,-0.629500000000007,-0.592799999999897,-0.52226666666661,-0.472866666666505,-0.314399999999978,-0.29139999999984,-0.255733333333183,-0.218733333333148,-0.178666666666459,-0.121099999999842,-0.0769999999999982,-0.0471000000000004,-0.0326000000000022,-0.0135666666665202,0.00363333333348237,0.0161000000000513,0.0336666666667043,0.0607666666667228,0.0811000000001059,0.0953333333334285,0.116366666666863,0.138500000000022,0.165266666666867,0.185566666666773,0.206500000000005,0.234166666666852,0.260966666666718,0.276966666666794,0.313166666666802,0.334766666666837,0.344866666666803,0.368833333333441,0.405233333333399,0.426500000000033,0.503500000000031,0.607733333333499,0.659000000000106,0.685533333333524,0.744733333333443,0.826500000000124,0.855466666666871,0.913666666666813,,,,,,,,,,,,,,,,,,,,,,,,,,,,,,,,,,,,,,,,
-0.928733333333412,-0.832933333333358,-0.74236666666684,-0.701766666666799,-0.685233333333372,-0.627900000000182,-0.599733333333461,-0.547700000000077,-0.526266666666743,-0.43453333333332,-0.410133333333533,-0.374166666666724,-0.342766666666876,-0.303300000000036,-0.267900000000054,-0.259933333333493,-0.217166666666799,-0.187166666666826,-0.171700000000101,-0.130300000000034,-0.122299999999996,-0.073566666666693,-0.0546666666666624,-0.0291333333334478,0.00149999999985084,0.0243333333332885,0.0540999999998348,0.0715000000000146,0.0801666666666279,0.112266666666528,0.127999999999929,0.153633333333346,0.179533333333211,0.205833333333203,0.233433333333323,0.251566666666577,0.272699999999986,0.295366666666496,0.327766666666548,0.348033333333206,0.375833333333276,0.412066666666533,0.494999999999891,0.550099999999929,0.588533333333316,0.828066666666473,0.976699999999937,,,,,,,,,,,,,,,,,,,,,,,,,,,,,,,,,,,,,,,,,,
-0.948399999999992,-0.930966666666791,-0.882133333333513,-0.861499999999978,-0.844100000000026,-0.82176666666669,-0.786600000000135,-0.707700000000159,-0.607833333333474,-0.496000000000095,-0.462899999999991,-0.39036666666675,-0.338466666666818,-0.25813333333349,-0.187599999999975,-0.111300000000028,-0.074500000000171,-0.0236999999999625,0.0162666666665245,0.0567333333333409,0.111833333333152,0.144800000000032,0.166666666666515,0.182399999999916,0.197033333333366,0.20939999999996,0.23813333333328,0.263066666666646,0.273266666666586,0.282033333333175,0.303933333333362,0.313933333333352,0.321599999999989,0.332999999999856,0.346733333333304,0.373266666666495,0.390699999999924,0.405266666666648,0.4213666666667,0.436033333333171,0.452433333333374,0.461299999999937,0.479733333333343,0.49763333333317,0.528866666666545,0.574499999999944,0.595433333333176,0.607566666666571,0.650366666666514,0.680933333333314,0.709299999999985,0.741366666666636,0.762266666666619,0.794999999999845,0.82213333333334,0.856099999999969,0.954299999999876,,,,,,,,,,,,,,,,,,,,,,,,,,,,,,,,
-0.995133333333342,-0.968399999999974,-0.945399999999836,-0.92843333333326,-0.865199999999959,-0.845666666666602,-0.803266666666559,-0.773366666666561,-0.757666666666637,-0.70699999999988,-0.636999999999944,-0.597866666666505,-0.526233333333266,-0.498566666666648,-0.457933333333358,-0.4384666666665,-0.418466666666518,-0.396233333333385,-0.349166666666633,-0.318566666666584,-0.300799999999981,-0.278533333333371,-0.25613333333331,-0.22256666666658,-0.197266666666565,-0.157166666666626,-0.123499999999922,-0.102099999999837,-0.0920666666665966,-0.0686333333333096,-0.0458333333333485,-0.029933333333247,-0.00540000000000873,0.031400000000076,0.051433333333307,0.0696000000000367,0.0940333333333001,0.116666666666788,0.135966666666718,0.145033333333458,0.162400000000162,0.166266666666615,0.191466666666656,0.203899999999976,0.211999999999989,0.225866666666661,0.237700000000132,0.256933333333336,0.279300000000148,0.300300000000107,0.326233333333448,0.343166666666775,0.351233333333312,0.383366666666689,0.401466666666693,0.430966666666791,0.433800000000019,0.452966666666725,0.476566666666713,0.495166666666819,0.512866666666696,0.533333333333303,0.548033333333478,0.574133333333293,0.602100000000064,0.625,0.643433333333405,0.701600000000099,0.729266666666717,0.815900000000056,0.966233333333321,,,,,,,,,,,,,,,,,,
-0.901633333333393,-0.842333333333272,-0.802699999999959,-0.752466666666578,-0.738833333333332,-0.673066666666728,-0.594333333333225,-0.554966666666587,-0.510899999999992,-0.427400000000034,-0.377166666666653,-0.313033333333351,-0.149066666666613,-0.0857333333333372,-0.0594333333333452,-0.0346999999999298,0.0223333333333358,0.0533333333332848,0.0762666666666973,0.139066666666622,0.166566666666768,0.177799999999934,0.210399999999936,0.220333333333429,0.243766666666716,0.270400000000109,0.314433333333454,0.33513333333326,0.350799999999936,0.370266666666794,0.383433333333414,0.412866666666787,0.429900000000089,0.442800000000034,0.456866666666656,0.466900000000123,0.48070000000007,0.497133333333295,0.513666666666722,0.526233333333266,0.538566666666611,0.551600000000008,0.570799999999963,0.575000000000045,0.600966666666636,0.620333333333292,0.633499999999913,0.650699999999915,0.670733333333374,0.689466666666704,0.70270000000005,0.715633333333471,0.739466666666658,0.766433333333453,0.782466666666778,0.792666666666719,0.80840000000012,0.833766666666634,0.868833333333441,0.885166666666692,0.917566666666744,0.969566666666651,,,,,,,,,,,,,,,,,,,,,,,,,,,
-0.972200000000157,-0.909400000000005,-0.880966666666836,-0.805700000000115,-0.780133333333424,-0.736533333333455,-0.680666666666639,-0.651566666666668,-0.621333333333496,-0.585800000000063,-0.542466666666769,-0.533633333333455,-0.498800000000074,-0.477066666666815,-0.457333333333509,-0.443533333333335,-0.421566666666649,-0.415366666666841,-0.397400000000061,-0.390900000000101,-0.368166666666639,-0.360233333333326,-0.340599999999995,-0.323866666666845,-0.318899999999985,-0.292100000000119,-0.26873333333333,-0.251100000000179,-0.222433333333356,-0.211333333333414,-0.203333333333376,-0.169866666666849,-0.146466666666811,-0.128200000000106,-0.107233333333397,-0.0919333333333725,-0.057166666666717,-0.015233333333299,0.00459999999998217,0.0283666666666704,0.059866666666494,0.0850000000000364,0.100866666666661,0.12203333333332,0.133100000000013,0.153466666666645,0.182066666666515,0.193599999999833,0.202066666666497,0.206933333333154,0.229733333333343,0.250066666666498,0.255566666666482,0.276066666666566,0.292366666666567,0.308566666666593,0.316166666666504,0.333899999999858,0.352766666666639,0.372133333333295,0.393866666666554,0.416633333333266,0.437933333333149,0.487366666666503,0.526066666666566,0.684599999999818,0.709333333333234,0.739566666666633,0.776866666666592,0.800999999999931,0.86573333333331,0.905233333333172,0.947366666666539,,,,,,,,,,,,,,,,
-0.931100000000015,-0.883233333333237,-0.814833333333354,-0.779600000000073,-0.736066666666602,-0.670833333333348,-0.638533333333271,-0.610500000000002,-0.580899999999929,-0.545166666666773,-0.529800000000023,-0.494833333333418,-0.477666666666664,-0.436533333333273,-0.399699999999939,-0.384133333333239,-0.362933333333331,-0.315633333333381,-0.291966666666667,-0.251999999999953,-0.222999999999956,-0.20643333333328,-0.172833333333301,-0.142566666666653,-0.127033333333429,-0.110266666666575,-0.0790999999999258,-0.031400000000076,-0.0139999999998963,0.00303333333340561,0.0205000000000837,0.0400666666666893,0.0462333333332481,0.0694666666665853,0.123900000000049,0.133399999999938,0.164899999999989,0.182666666666591,0.190299999999979,0.224466666666558,0.266499999999951,0.311599999999999,0.361466666666729,0.451133333333246,0.495400000000018,0.575266666666721,0.604966666666769,0.642866666666578,0.676699999999983,0.695300000000088,0.749266666666699,0.790833333333239,0.831133333333355,0.866500000000087,0.936799999999948,,,,,,,,,,,,,,,,,,,,,,,,,,,,,,,,,,
-0.954500000000053,-0.889599999999973,-0.857433333333347,-0.836099999999988,-0.796033333333298,-0.765499999999975,-0.748266666666723,-0.724399999999832,-0.683933333333243,-0.668599999999969,-0.633533333333389,-0.61239999999998,-0.584166666666533,-0.553300000000036,-0.518399999999929,-0.497899999999845,-0.491033333333235,-0.467399999999998,-0.441133333333255,-0.422733333333326,-0.409966666666605,-0.397733333333235,-0.379599999999982,-0.360500000000002,-0.341499999999996,-0.32606666666652,-0.314766666666628,-0.308733333333294,-0.29063333333329,-0.275833333333367,-0.265466666666498,-0.250266666666676,-0.237066666666578,-0.221666666666579,-0.217233333333297,-0.196433333333289,-0.182933333333267,-0.169699999999921,-0.148699999999963,-0.134399999999914,-0.11333333333323,-0.0975666666665802,-0.0787000000000262,-0.0612666666665973,-0.0487666666665518,-0.0365999999999076,-0.0168666666666013,-0.0069666666665853,0.0191333333334569,0.0337666666666792,0.0401000000001659,0.0611000000001241,0.0637333333334027,0.092833333333374,0.114366666666683,0.127533333333304,0.141066666666802,0.190966666666782,0.226900000000114,0.267333333333454,0.302500000000009,0.326866666666774,0.353266666666741,0.3894333333335,0.45586666666668,0.551200000000108,0.597999999999956,0.627700000000004,0.657300000000077,0.682900000000018,0.700766666666823,0.728466666666691,0.763166666666621,0.800666666666757,0.836166666666713,0.871366666666745,0.881066666666811,0.92710000000011,0.939133333333302,0.973500000000058,,,,,,,,,
-0.969700000000103,-0.882033333333538,-0.854633333333368,-0.813666666666677,-0.747133333333522,-0.674600000000055,-0.653166666666721,-0.629133333333357,-0.606533333333346,-0.573566666666693,-0.539633333333541,-0.495533333333469,-0.471900000000005,-0.447033333333366,-0.426400000000058,-0.402566666666871,-0.382433333333438,-0.355999999999995,-0.337866666666741,-0.321800000000167,-0.308433333333369,-0.295866666666825,-0.286533333333409,-0.265133333333324,-0.24626666666677,-0.229000000000042,-0.209933333333538,-0.198133333333544,-0.19360000000006,-0.177000000000135,-0.147000000000162,-0.139000000000124,-0.120866666666871,-0.0978000000000065,-0.0897666666667192,-0.0740666666667948,-0.0584333333333689,-0.0490000000002055,-0.0286000000000968,-0.00216666666665333,0.0136999999999716,0.0337666666666792,0.0542333333332863,0.0704333333333125,0.0872333333331881,0.0984333333333325,0.133499999999913,0.149933333333138,0.187833333333174,0.199433333333218,0.227266666666537,0.250499999999874,0.261066666666466,0.265366666666523,0.293233333333319,0.322999999999865,0.362066666666578,0.384699999999839,0.415066666666462,0.470199999999977,0.517999999999802,0.608099999999922,0.638266666666595,0.661466666666456,0.69456666666656,0.738833333333332,0.746833333333143,0.798633333333328,0.877133333333177,0.90319999999997,,,,,,,,,,,,,,,,,,,
-0.958866666666609,-0.914366666666638,-0.848933333333434,-0.816466666666656,-0.75373333333323,-0.725599999999986,-0.690566666666655,-0.679133333333311,-0.647899999999936,-0.632566666666662,-0.591366666666772,-0.558733333333294,-0.535933333333332,-0.506066666666584,-0.465433333333294,-0.442033333333256,-0.419100000000071,-0.390499999999975,-0.373033333333296,-0.354233333333241,-0.331899999999905,-0.307666666666591,-0.296833333333325,-0.276866666666592,-0.270933333333232,-0.257766666666612,-0.243333333333339,-0.219566666666651,-0.199266666666745,-0.177433333333283,-0.162566666666635,-0.134533333333366,-0.120466666666744,-0.0865333333333638,-0.0604666666665707,-0.0543999999999869,-0.0269666666665671,0.00536666666675956,0.03449999999998,0.0441000000000713,0.0635333333332255,0.0920333333333474,0.108466666666573,0.119233333333341,0.135733333333292,0.143066666666755,0.16560000000004,0.187833333333401,0.196300000000065,0.218599999999924,0.233166666666648,0.256433333333234,0.268766666666579,0.300366666666605,0.319333333333361,0.333433333333232,0.361833333333379,0.383766666666588,0.503266666666605,0.588533333333316,0.620733333333419,0.665199999999913,0.69656666666674,0.711600000000089,0.761133333333419,0.796000000000049,0.828400000000101,0.852133333333313,0.878133333333381,0.919499999999971,0.952299999999923,,,,,,,,,,,,,,,,,,
-0.976666666666688,-0.939200000000028,-0.903033333333269,-0.837966666666716,-0.687233333333324,-0.636999999999944,-0.577999999999975,-0.532699999999977,-0.443133333333435,-0.414966666666714,-0.359466666666776,-0.266866666666601,-0.251333333333378,-0.2340333333334,-0.198766666666643,-0.18176666666659,-0.153900000000021,-0.130699999999933,-0.102633333333415,-0.0886666666667679,-0.0778000000000247,-0.0553999999999633,-0.0339000000001306,-0.019800000000032,-0.00693333333333612,0.0193666666666559,0.0285999999998694,0.0516999999999825,0.0678000000000338,0.0807333333332281,0.0867666666665627,0.110400000000027,0.126566666666577,0.154899999999998,0.168466666666745,0.190633333333381,0.208333333333258,0.213266666666641,0.240233333333208,0.280799999999999,0.306733333333341,0.33163333333323,0.377666666666528,0.400866666666616,0.430566666666664,0.462266666666665,0.493233333333364,0.523899999999912,0.580899999999929,0.628133333333381,0.657533333333276,0.677733333333208,0.708533333333207,0.765833333333376,0.79356666666672,0.850500000000011,0.902366666666694,0.93453333333332,,,,,,,,,,,,,,,,,,,,,,,,,,,,,,,
-0.819099999999935,-0.778166666666721,-0.745999999999867,-0.715833333333194,-0.657866666666678,-0.621599999999944,-0.586966666666513,-0.56566666666663,-0.541066666666666,-0.526499999999942,-0.499866666666549,-0.441666666666606,-0.423233333333201,-0.407600000000002,-0.367933333333212,-0.344466666666676,-0.32586666666657,-0.312599999999975,-0.289366666666638,-0.268266666666705,-0.255833333333385,-0.246366666666518,-0.224699999999984,-0.213366666666616,-0.197200000000066,-0.19123333333323,-0.174166666666679,-0.15063333333319,-0.140599999999949,-0.130433333333258,-0.116166666666686,-0.0986666666665315,-0.0794666666665762,-0.0635333333332255,-0.0575999999998658,-0.0374666666666599,-0.0247333333331881,-0.00369999999998072,0.00896666666676538,0.0352333333332808,0.0577333333333172,0.105933333333269,0.140300000000025,0.158800000000156,0.185666666666748,0.19343333333336,0.228433333333442,0.238399999999956,0.266866666666601,0.284400000000005,0.316400000000158,0.333333333333485,0.349833333333436,0.365500000000111,0.401333333333469,0.42116666666675,0.454700000000003,0.482533333333322,0.506166666666786,0.529500000000098,0.560333333333347,0.595766666666805,0.654133333333448,0.762366666666821,0.800500000000056,0.864800000000059,0.990633333333335,,,,,,,,,,,,,,,,,,,,,,
-0.992466666666814,-0.948933333333343,-0.911666666666633,-0.807733333333317,-0.737900000000081,-0.701166666666722,-0.667133333333368,-0.550966666666682,-0.505200000000059,-0.460399999999936,-0.394666666666808,-0.377533333333304,-0.355733333333319,-0.335000000000036,-0.314800000000105,-0.309833333333472,-0.286433333333434,-0.276100000000042,-0.261133333333419,-0.256933333333336,-0.232433333333347,-0.213333333333367,-0.196433333333289,-0.178766666666661,-0.170000000000073,-0.149566666666715,-0.134000000000015,-0.120699999999943,-0.113500000000158,-0.0791666666666515,-0.0521000000001095,-0.0310333333334256,-0.00463333333345872,0.00049999999987449,0.0311666666666497,0.0470666666665238,0.0591999999999189,0.0694666666665853,0.0860999999999876,0.102466666666714,0.118766666666716,0.146299999999883,0.1569333333332,0.185566666666546,0.196500000000015,0.230999999999995,0.24406666666664,0.273666666666713,0.294466666666722,0.325900000000047,0.346566666666604,0.360033333333377,0.394166666666706,0.430200000000013,0.475066666666635,0.535333333333256,0.570833333333212,0.616366666666636,0.682399999999916,0.733933333333198,0.820933333333187,0.922466666666651,0.959333333333234,0.990833333333285,,,,,,,,,,,,,,,,,,,,,,,,,
-0.968100000000049,-0.922033333333502,-0.728666666666641,-0.60923333333335,-0.545933333333323,-0.511033333333444,-0.429533333333438,-0.345933333333505,-0.312000000000126,-0.21436666666682,-0.18063333333339,-0.136400000000094,-0.122500000000173,-0.0989000000001852,-0.0797333333334791,-0.0567000000000917,-0.0451666666667734,-0.0231000000001131,-0.0124333333333198,0.0136999999999716,0.0246666666666897,0.043866666666645,0.056233333333239,0.0828666666666322,0.094899999999825,0.103266666666514,0.13763333333327,0.159066666666604,0.176866666666683,0.186599999999999,0.203533333333326,0.213266666666641,0.223966666666684,0.233699999999999,0.236966666666603,0.250533333333351,0.265499999999975,0.27563333333319,0.278733333333321,0.300599999999804,0.314533333333202,0.326333333333196,0.339899999999943,0.345399999999927,0.356566666666595,0.382200000000012,0.388599999999997,0.404833333333272,0.407133333333149,0.424466666666603,0.449033333333318,0.468466666666473,0.484899999999925,0.499299999999948,0.517233333333252,0.538399999999911,0.56679999999983,0.590299999999843,0.617933333333212,0.714066666666668,0.739066666666531,0.771199999999908,0.824233333333268,0.858966666666674,0.903900000000021,0.925966666666682,0.947400000000016,0.96016666666651,0.990099999999984,,,,,,,,,,,,,,,,,,,,
-0.956300000000056,-0.804366666666738,-0.756466666666711,-0.71273333333329,-0.657266666666601,-0.598666666666759,-0.557800000000043,-0.47553333333326,-0.437666666666701,-0.407633333333251,-0.36536666666666,-0.344800000000077,-0.323933333333343,-0.3121000000001,-0.287733333333335,-0.271733333333259,-0.253500000000031,-0.243766666666716,-0.232999999999947,-0.217200000000048,-0.201666666666597,-0.189699999999903,-0.186766666666699,-0.172166666666726,-0.161599999999908,-0.156433333333325,-0.144066666666731,-0.127166666666653,-0.111833333333379,-0.0982333333333827,-0.0848333333333358,-0.069533333333311,-0.0616666666667243,-0.055066666666562,-0.0363333333332321,-0.025133333333315,0.00340000000005602,0.0352666666667574,0.061200000000099,0.109099999999899,0.145999999999958,0.171700000000101,0.19343333333336,0.236766666666654,0.252033333333429,0.292599999999993,0.304433333333236,0.325266666666721,0.351300000000037,0.36963333333324,0.395433333333358,0.407400000000052,0.439100000000053,0.460499999999911,0.490866666666761,0.539233333333414,0.60963333333325,0.685566666666773,0.795399999999972,0.812366666666549,0.85053333333326,0.868666666666741,0.923466666666627,0.952133333333222,0.976633333333439,,,,,,,,,,,,,,,,,,,,,,,,
-0.983500000000049,-0.89670000000001,-0.85329999999999,-0.788633333333337,-0.741266666666661,-0.66226666666671,-0.629599999999982,-0.545200000000023,-0.439166666666551,-0.381466666666711,-0.358666666666522,-0.325833333333321,-0.306666666666615,-0.28393333333338,-0.259233333333214,-0.227899999999863,-0.211733333333314,-0.192233333333206,-0.183566666666593,-0.165133333333188,-0.154599999999846,-0.123900000000049,-0.110333333333301,-0.095299999999952,-0.0726999999999407,-0.0586333333333187,-0.0520999999998821,-0.0311666666666497,-0.0165666666666766,0.00700000000006185,0.0157333333334009,0.0328666666666777,0.0447000000001481,0.0573333333334176,0.0778333333335013,0.095600000000104,0.111900000000105,0.130066666666607,0.148400000000038,0.170933333333323,0.179933333333338,0.199200000000019,0.221833333333279,0.240066666666735,0.257566666666662,0.26873333333333,0.273066666666637,0.300966666666682,0.332300000000032,0.357799999999997,0.376266666666652,0.405166666666673,0.42710000000011,0.457499999999982,0.484000000000151,0.506633333333411,0.582000000000107,0.633633333333364,0.672466666666651,0.704066666666677,0.759400000000142,0.789933333333465,0.811500000000024,0.830200000000104,0.863566666666657,0.899300000000039,0.932666666666819,0.954166666666652,0.98163333333332,,,,,,,,,,,,,,,,,,,,
-0.983299999999872,-0.850266666666585,-0.699099999999817,-0.547833333333301,-0.471499999999878,-0.406599999999798,-0.379999999999882,-0.34833333333313,-0.306133333333264,-0.276566666666668,-0.22926666666649,-0.200033333333295,-0.154299999999921,-0.142266666666501,-0.119299999999839,-0.0891666666666424,-0.0661666666665042,-0.0427333333332172,-0.0358333333331302,-0.02226666666661,-0.00636666666650854,0.00346666666678175,0.0147666666666737,0.0274333333334198,0.048433333333378,0.0677000000000589,0.0807333333334554,0.0874333333333652,0.0983333333333576,0.113766666666834,0.129933333333383,0.134966666666742,0.158866666666654,0.189300000000003,0.205566666666755,0.215933333333396,0.240800000000036,0.254599999999982,0.265933333333351,0.287933333333513,0.308333333333394,0.330699999999979,0.378200000000106,0.398500000000013,0.419466666666722,0.466766666666672,0.510566666666818,0.556066666666766,0.610666666666702,0.664566666666815,0.797900000000027,0.850733333333437,0.888800000000174,0.913066666666737,0.927133333333359,0.9529,0.990466666666862,,,,,,,,,,,,,,,,,,,,,,,,,,,,,,,,
-0.97849999999994,-0.953766666666752,-0.924766666666756,-0.88093333333336,-0.854066666666768,-0.840400000000045,-0.820833333333439,-0.765466666666725,-0.725033333333386,-0.640100000000075,-0.609933333333402,-0.577600000000075,-0.54433333333327,-0.496599999999944,-0.462299999999914,-0.428866666666636,-0.407066666666651,-0.389400000000023,-0.376933333333227,-0.355366666666669,-0.350400000000036,-0.326666666666597,-0.311099999999897,-0.290899999999965,-0.26816666666673,-0.245966666666618,-0.228233333333264,-0.195500000000038,-0.176566666666758,-0.153833333333296,-0.136633333333293,-0.122166666666772,-0.106366666666645,-0.0861999999999625,-0.0695666666665602,-0.0570999999999913,-0.0246999999999389,-0.00829999999996289,0.0120999999999185,0.0367666666666082,0.0714000000000397,0.0760666666667476,0.109500000000025,0.124966666666751,0.152866666666569,0.171666666666624,0.204033333333427,0.224699999999984,0.238599999999906,0.26576666666665,0.29413333333332,0.327233333333425,0.380666666666684,0.524766666666665,0.612833333333356,0.649599999999964,0.691666666666606,0.734200000000101,0.748266666666723,0.796633333333375,0.83420000000001,0.889733333333425,0.924400000000105,,,,,,,,,,,,,,,,,,,,,,,,,,
-0.982666666666773,-0.963633333333519,-0.94343333333336,-0.883666666666841,-0.832566666666708,-0.810333333333347,-0.778966666666747,-0.753366666666807,-0.667333333333545,-0.619133333333366,-0.525866666666843,-0.458900000000085,-0.438366666666752,-0.403300000000172,-0.38073333333341,-0.364066666666758,-0.327366666666876,-0.308166666666693,-0.248966666666774,-0.224600000000009,-0.204000000000178,-0.139300000000048,-0.112466666666705,-0.0889000000001943,-0.0534666666667363,-0.0381333333334624,0.0132333333331189,0.0423666666665667,0.0590666666664674,0.0680333333332328,0.112133333333304,0.130799999999908,0.148333333333312,0.162233333333234,0.18549999999982,0.200366666666469,0.214666666666517,0.226899999999887,0.243599999999788,0.268166666666502,0.275166666666564,0.289399999999887,0.304466666666485,0.317699999999832,0.33589999999981,0.34699999999998,0.354566666666642,0.384366666666665,0.407466666666551,0.416133333333164,0.445399999999836,0.449499999999944,0.472733333333281,0.487999999999829,0.50746666666646,0.525833333333139,0.541733333333241,0.590099999999893,0.632999999999811,0.860533333333251,0.946399999999812,0.996399999999994,,,,,,,,,,,,,,,,,,,,,,,,,,,
-0.982166666666672,-0.960033333333286,-0.938333333333503,-0.910333333333483,-0.862166666666781,-0.838899999999967,-0.79280000000017,-0.751533333333327,-0.699666666666644,-0.626533333333327,-0.54079999999999,-0.473433333333332,-0.430733333333364,-0.406866666666701,-0.383000000000038,-0.340433333333294,-0.29320000000007,-0.238066666666782,-0.208833333333359,-0.163433333333387,-0.144600000000082,-0.0912666666667974,-0.0409666666666908,-0.0165333333334274,0.0204999999998563,0.0453333333332466,0.0713666666665631,0.0950000000000273,0.120133333333342,0.130499999999984,0.15339999999992,0.177033333333156,0.189466666666704,0.208233333333283,0.227099999999837,0.252466666666578,0.27486666666664,0.291333333333341,0.3130666666666,0.328433333333351,0.343266666666523,0.362933333333331,0.387099999999919,0.405933333333223,0.431299999999965,0.447933333333367,0.458666666666659,0.519800000000032,0.561099999999897,0.592333333333272,0.607933333333222,0.649300000000039,0.674933333333229,0.694266666666636,0.727866666666614,0.754633333333231,0.787133333333259,0.827699999999822,0.909400000000005,0.948966666666593,0.98720000000003,,,,,,,,,,,,,,,,,,,,,,,,,,,,
-0.983333333333348,-0.947233333333315,-0.921266666666725,-0.828333333333376,-0.754333333333307,-0.72180000000003,-0.668433333333269,-0.631433333333234,-0.620333333333292,-0.592766666666648,-0.544033333333346,-0.492466666666587,-0.467899999999872,-0.431233333333239,-0.407066666666651,-0.370866666666643,-0.36313333333328,-0.329133333333402,-0.317966666666734,-0.301766666666708,-0.277666666666619,-0.269733333333306,-0.249900000000025,-0.231433333333371,-0.224666666666735,-0.204933333333429,-0.193299999999908,-0.179033333333336,-0.163766666666561,-0.146433333333334,-0.138966666666647,-0.131933333333336,-0.112633333333406,-0.106233333333421,-0.0866333333333387,-0.0786666666665496,-0.0679999999999836,-0.061966666666649,-0.0425666666667439,-0.0332000000000789,-0.00776666666661185,0.00633333333325936,0.0125666666667712,0.0333000000000538,0.062900000000127,0.091033333333371,0.109366666666574,0.136533333333318,0.155533333333324,0.185799999999972,0.19083333333333,0.213199999999915,0.23383333333345,0.259900000000016,0.274499999999989,0.290700000000015,0.318099999999959,0.331166666666604,0.356033333333244,0.377999999999929,0.392233333333252,0.42526666666663,0.457699999999932,0.475233333333335,0.512966666666671,0.522833333333438,0.566833333333307,0.616999999999962,0.646766666666736,0.762766666666721,0.80246666666676,0.830266666666603,0.865099999999984,0.904366666666647,0.938499999999976,,,,,,,,,,,,,,
-0.749299999999948,-0.688899999999876,-0.649300000000039,-0.575466666666671,-0.525933333333342,-0.489233333333232,-0.46033333333321,-0.425199999999904,-0.396733333333259,-0.370333333333292,-0.340799999999945,-0.318533333333335,-0.304566666666688,-0.284166666666579,-0.257100000000037,-0.242533333333313,-0.2194333333332,-0.205266666666603,-0.192766666666557,-0.178533333333235,-0.17173333333335,-0.135433333333367,-0.116533333333336,-0.100766666666686,-0.0883666666666159,-0.0661999999999807,-0.0528666666666595,-0.0191666666667061,0.0147666666666737,0.0556000000001404,0.107766666666748,0.168800000000147,0.200199999999995,0.21826666666675,0.253266666666605,0.282566666666753,0.312966666666625,0.358166666666648,0.38390000000004,0.428699999999935,0.443766666666761,0.468000000000075,0.507299999999987,0.542833333333419,0.582200000000057,0.608400000000074,0.660499999999956,0.735400000000027,0.794533333333447,0.856166666666695,0.889599999999973,0.916966666666667,0.969399999999951,,,,,,,,,,,,,,,,,,,,,,,,,,,,,,,,,,,,
-0.89966666666669,-0.861966666666603,-0.812966666666625,-0.761933333333218,-0.737133333333304,-0.699133333333293,-0.616399999999885,-0.548133333333226,-0.515266666666548,-0.46329999999989,-0.430699999999888,-0.396766666666736,-0.365633333333335,-0.32826666666665,-0.31213333333335,-0.303200000000061,-0.275466666666716,-0.258233333333237,-0.240266666666685,-0.22533333333331,-0.208866666666609,-0.195899999999938,-0.17450000000008,-0.155533333333324,-0.142933333333303,-0.130833333333385,-0.121233333333294,-0.113166666666757,-0.0914333333332706,-0.0693666666666104,-0.056633333333366,-0.0317000000000007,-0.0055333333332328,0.025533333333442,0.0366333333333841,0.0628333333334012,0.0804666666667799,0.113766666666606,0.146566666666786,0.162000000000035,0.192433333333383,0.238233333333255,0.269133333333457,0.292666666666719,0.332733333333408,0.360166666666601,0.417300000000068,0.444633333333286,0.4994333333334,0.552233333333334,0.587066666666715,0.612466666666705,0.630866666666634,0.684466666666594,0.721199999999953,0.740866666666761,0.776033333333316,0.829533333333302,0.870599999999968,0.952933333333249,,,,,,,,,,,,,,,,,,,,,,,,,,,,,
-0.962099999999964,-0.911566666666658,-0.835466666666662,-0.743933333333189,-0.664533333333338,-0.564399999999978,-0.514233333333323,-0.470933333333278,-0.349133333333384,-0.202999999999975,-0.160433333333231,-0.151200000000017,-0.113366666666707,-0.0811666666666042,-0.0582666666666682,-0.0406333333332896,-0.00116666666667697,0.0267666666666173,0.0459333333333234,0.0662999999999556,0.086333333333414,0.098700000000008,0.126766666666754,0.149033333333364,0.173733333333303,0.183066666666718,0.204600000000028,0.225633333333462,0.24109999999996,0.262400000000071,0.28020000000015,0.292566666666744,0.315966666666782,0.325633333333371,0.343933333333325,0.364100000000008,0.383800000000065,0.407866666666678,0.431266666666716,0.447433333333493,0.463700000000017,0.488966666666784,0.504133333333357,0.529899999999998,0.564333333333479,0.597566666666808,0.621200000000044,0.65910000000008,0.713666666666768,0.752866666666705,0.789700000000039,0.818066666666709,0.862499999999955,0.901700000000119,0.962666666666792,,,,,,,,,,,,,,,,,,,,,,,,,,,,,,,,,,
-0.976433333333262,-0.951133333333473,-0.875533333333351,-0.822266666666565,-0.587899999999991,-0.523033333333387,-0.424466666666831,-0.369233333333341,-0.30103333333318,-0.267800000000079,-0.249366666666901,-0.22440000000006,-0.198133333333317,-0.179399999999987,-0.160800000000108,-0.148166666666839,-0.122166666666544,-0.0983666666666068,-0.0851999999999862,-0.065599999999904,-0.0605333333332965,-0.0472333333332244,-0.0319666666669036,-0.0275666666666439,-0.0152333333335264,-0.00860000000011496,0.0149666666666235,0.021333333333132,0.0313000000001011,0.0343333333335067,0.0591666666664423,0.0693666666666104,0.0938666666665995,0.104966666666769,0.132599999999911,0.149033333333136,0.177566666666735,0.25019999999995,0.269066666666731,0.310366666666596,0.341033333333144,0.362033333333329,0.385533333333115,0.423499999999876,0.466666666666697,0.487799999999879,0.542833333333419,0.611833333333379,0.64486666666653,0.684733333333497,0.726533333333464,0.801666666666733,0.848033333333206,0.864799999999832,0.90576666666675,0.920999999999822,0.96140000000014,,,,,,,,,,,,,,,,,,,,,,,,,,,,,,,,
-0.994233333333341,-0.954999999999927,-0.898099999999886,-0.868266666666841,-0.854566666666869,-0.847533333333558,-0.815266666666957,-0.784566666666706,-0.75420000000031,-0.735066666666626,-0.701866666666774,-0.66933333333327,-0.652399999999943,-0.622733333333599,-0.598300000000108,-0.585066666666535,-0.559733333333497,-0.508600000000115,-0.479699999999866,-0.457866666666632,-0.410966666666809,-0.384000000000015,-0.3744333333334,-0.345333333333201,-0.330233333333581,-0.310833333333449,-0.262099999999919,-0.227800000000116,-0.205300000000079,-0.170666666666875,-0.155500000000302,-0.144933333333483,-0.107100000000173,-0.0957666666668047,-0.0773333333336268,-0.0290333333332455,-0.00730000000021391,0.00256666666655292,0.020033333333231,0.0361333333330549,0.0476666666663732,0.0574999999998909,0.0857666666665864,0.101933333333363,0.117366666666385,0.139400000000023,0.148400000000038,0.175033333333431,0.197433333333265,0.213766666666743,0.253766666666706,0.26816666666673,0.282566666666753,0.285433333333458,0.320933333333414,0.349933333333411,0.376066666666702,0.407333333333099,0.4380666666666,0.481133333333219,0.522500000000036,0.547533333333377,0.603466666666463,0.629233333333104,0.689766666666401,0.733633333333273,0.755200000000059,0.792766666666466,0.835133333333033,0.888599999999769,0.915133333333415,0.943466666666609,,,,,,,,,,,,,,,,,
-0.968200000000252,-0.946366666667018,-0.920033333333322,-0.900100000000293,-0.843100000000049,-0.826100000000224,-0.789966666666714,-0.756533333333664,-0.714033333333646,-0.686100000000351,-0.64906666666684,-0.601600000000417,-0.567033333333711,-0.541366666666818,-0.486500000000433,-0.465900000000147,-0.451466666666875,-0.417566666666971,-0.402966666666998,-0.388733333333676,-0.35436666666692,-0.332033333333584,-0.306900000000041,-0.285633333333408,-0.257466666666915,-0.249700000000303,-0.219800000000305,-0.199900000000071,-0.170266666666976,-0.152100000000246,-0.12976666666691,-0.103500000000167,-0.0842000000002372,-0.0596000000000458,-0.041700000000219,-0.0215666666667857,0.00993333333326518,0.0280333333330418,0.049733333333279,0.0696666666663077,0.0951999999997497,0.117699999999786,0.124466666666649,0.147833333332983,0.164133333333211,0.174966666666478,0.190033333333304,0.228699999999662,0.248066666666546,0.268466666666427,0.285799999999654,0.305999999999585,0.319666666666308,0.34633333333295,0.38226666666651,0.395699999999579,0.422299999999723,0.447466666666514,0.468566666666447,0.513499999999567,0.536066666666557,0.604733333333115,0.650766666666641,0.689099999999598,0.718966666666347,0.741566666666586,0.758899999999812,0.791866666666465,0.808166666666239,0.837233333333188,0.862166666666326,0.886833333333016,0.905266666666648,0.92776666666623,0.953733333333275,0.977566666666462,,,,,,,,,,,,,
-0.950266666666721,-0.923066666666728,-0.884300000000167,-0.839433333333545,-0.796400000000176,-0.760966666666718,-0.735066666666626,-0.694133333333411,-0.673066666666728,-0.640333333333274,-0.629433333333509,-0.59940000000006,-0.566733333333559,-0.537933333333513,-0.513133333333371,-0.499099999999999,-0.476900000000114,-0.450733333333574,-0.433199999999943,-0.413633333333564,-0.394700000000284,-0.380966666666609,-0.364599999999882,-0.342666666666901,-0.328199999999924,-0.29853333333358,-0.274133333333339,-0.256166666666559,-0.22573333333321,-0.209499999999935,-0.182099999999991,-0.146466666666583,-0.128366666666807,-0.0866333333333387,-0.0653000000002066,-0.0497666666669829,-0.0198333333332812,0.00709999999980937,0.0296333333330949,0.0515666666665311,0.0723666666667668,0.0991666666664059,0.123399999999947,0.148499999999785,0.174833333333027,0.20146666666642,0.225033333333158,0.248633333333146,0.279833333333045,0.312333333333299,0.362999999999829,0.43713333333335,0.571333333333314,0.616099999999733,0.649066666666386,0.688333333333048,0.74503333333314,0.776866666666592,0.853000000000065,0.964566666666542,,,,,,,,,,,,,,,,,,,,,,,,,,,,,
-0.99539999999979,-0.963033333333442,-0.917899999999918,-0.873933333333298,-0.858866666666472,-0.820699999999761,-0.773333333333085,-0.754733333333206,-0.710833333333085,-0.67679999999973,-0.63819999999987,-0.603533333333417,-0.5640333333331,-0.547566666666626,-0.462666666666792,-0.42639999999983,-0.380833333333157,-0.33753333333334,-0.299533333333329,-0.259733333333315,-0.234633333333477,-0.183366666666643,-0.147699999999986,-0.115066666666735,-0.0775333333331218,-0.033333333333303,-0.0102999999999156,0.0346333333332041,0.064600000000155,0.0767333333333227,0.0973333333336086,0.118033333333187,0.13723333333337,0.157400000000052,0.178300000000036,0.198499999999967,0.222566666666808,0.247600000000148,0.264433333333272,0.280466666666598,0.301366666666581,0.309299999999894,0.342633333333197,0.378200000000106,0.39449999999988,0.408400000000256,0.413566666666611,0.454600000000028,0.474133333333612,0.522300000000087,0.558300000000145,0.608833333333223,0.660866666666607,0.71236666666664,0.740433333333385,0.773866666666891,0.814633333333404,0.849500000000262,0.90063333333319,0.92486666666673,0.948666666666668,0.988966666666784,,,,,,,,,,,,,,,,,,,,,,,,,,,
